time (s),getData(":pwr" ?result "tran") (W)
0.000,2.965E-6
100.0E-12,2.965E-6
300.0E-12,2.965E-6
700.0E-12,2.965E-6
1.500E-9,2.965E-6
2.750E-9,2.965E-6
4.000E-9,2.965E-6
6.000E-9,2.965E-6
6.003E-9,16.63E-6
6.008E-9,39.75E-6
6.013E-9,41.75E-6
6.018E-9,74.91E-6
6.022E-9,149.5E-6
6.028E-9,314.7E-6
6.033E-9,490.7E-6
6.038E-9,603.8E-6
6.042E-9,680.1E-6
6.046E-9,727.6E-6
6.050E-9,794.8E-6
6.051E-9,787.6E-6
6.053E-9,797.2E-6
6.055E-9,809.0E-6
6.057E-9,821.0E-6
6.059E-9,828.3E-6
6.061E-9,849.7E-6
6.064E-9,877.5E-6
6.066E-9,900.9E-6
6.068E-9,913.1E-6
6.071E-9,919.6E-6
6.074E-9,919.8E-6
6.077E-9,913.6E-6
6.080E-9,902.7E-6
6.083E-9,885.8E-6
6.088E-9,859.4E-6
6.094E-9,821.8E-6
6.102E-9,783.4E-6
6.109E-9,761.6E-6
6.116E-9,755.9E-6
6.122E-9,762.2E-6
6.129E-9,775.5E-6
6.135E-9,783.3E-6
6.143E-9,785.7E-6
6.147E-9,794.1E-6
6.152E-9,806.4E-6
6.156E-9,817.2E-6
6.159E-9,828.7E-6
6.163E-9,844.1E-6
6.166E-9,853.1E-6
6.168E-9,857.9E-6
6.171E-9,866.5E-6
6.174E-9,895.4E-6
6.177E-9,937.8E-6
6.180E-9,982.4E-6
6.184E-9,1.027E-3
6.187E-9,1.056E-3
6.191E-9,1.078E-3
6.194E-9,1.093E-3
6.200E-9,1.101E-3
6.205E-9,1.110E-3
6.210E-9,1.139E-3
6.217E-9,1.223E-3
6.224E-9,1.374E-3
6.231E-9,1.582E-3
6.238E-9,1.775E-3
6.244E-9,1.915E-3
6.250E-9,2.087E-3
6.255E-9,2.467E-3
6.260E-9,2.858E-3
6.265E-9,3.235E-3
6.270E-9,3.520E-3
6.274E-9,3.648E-3
6.279E-9,3.659E-3
6.283E-9,3.571E-3
6.288E-9,3.391E-3
6.293E-9,3.170E-3
6.298E-9,2.891E-3
6.304E-9,2.604E-3
6.309E-9,2.292E-3
6.316E-9,1.946E-3
6.323E-9,1.628E-3
6.330E-9,1.328E-3
6.337E-9,1.061E-3
6.345E-9,860.7E-6
6.351E-9,721.4E-6
6.357E-9,613.2E-6
6.365E-9,501.8E-6
6.372E-9,426.7E-6
6.379E-9,383.6E-6
6.386E-9,357.2E-6
6.394E-9,345.3E-6
6.401E-9,336.7E-6
6.408E-9,325.5E-6
6.416E-9,314.0E-6
6.423E-9,313.7E-6
6.431E-9,328.9E-6
6.438E-9,361.2E-6
6.445E-9,409.8E-6
6.454E-9,460.3E-6
6.462E-9,488.7E-6
6.470E-9,545.6E-6
6.478E-9,711.1E-6
6.486E-9,894.1E-6
6.491E-9,999.5E-6
6.496E-9,1.056E-3
6.501E-9,1.058E-3
6.506E-9,1.020E-3
6.512E-9,951.9E-6
6.518E-9,860.3E-6
6.524E-9,774.5E-6
6.531E-9,690.0E-6
6.539E-9,604.8E-6
6.547E-9,531.3E-6
6.555E-9,467.7E-6
6.564E-9,460.1E-6
6.573E-9,548.5E-6
6.580E-9,612.1E-6
6.587E-9,624.5E-6
6.592E-9,603.1E-6
6.598E-9,555.8E-6
6.604E-9,506.3E-6
6.610E-9,454.2E-6
6.617E-9,392.5E-6
6.626E-9,319.4E-6
6.641E-9,237.6E-6
6.658E-9,180.5E-6
6.680E-9,152.0E-6
6.699E-9,143.5E-6
6.719E-9,140.6E-6
6.740E-9,139.6E-6
6.764E-9,139.2E-6
6.794E-9,138.9E-6
6.831E-9,138.8E-6
6.879E-9,138.6E-6
6.946E-9,138.4E-6
7.049E-9,138.3E-6
7.235E-9,138.1E-6
7.483E-9,138.0E-6
7.741E-9,137.9E-6
8.000E-9,137.9E-6
8.517E-9,137.8E-6
9.259E-9,137.8E-6
10.00E-9,137.8E-6
10.00E-9,158.9E-6
10.01E-9,193.6E-6
10.01E-9,202.5E-6
10.02E-9,296.0E-6
10.02E-9,485.3E-6
10.03E-9,791.7E-6
10.03E-9,1.054E-3
10.03E-9,1.240E-3
10.04E-9,1.431E-3
10.04E-9,1.555E-3
10.04E-9,1.631E-3
10.04E-9,1.674E-3
10.04E-9,1.699E-3
10.05E-9,1.705E-3
10.05E-9,1.706E-3
10.05E-9,1.707E-3
10.05E-9,1.666E-3
10.05E-9,1.633E-3
10.05E-9,1.607E-3
10.05E-9,1.570E-3
10.06E-9,1.544E-3
10.06E-9,1.520E-3
10.06E-9,1.488E-3
10.06E-9,1.439E-3
10.06E-9,1.386E-3
10.07E-9,1.332E-3
10.07E-9,1.291E-3
10.07E-9,1.252E-3
10.07E-9,1.216E-3
10.08E-9,1.189E-3
10.08E-9,1.165E-3
10.08E-9,1.146E-3
10.09E-9,1.122E-3
10.09E-9,1.102E-3
10.10E-9,1.097E-3
10.10E-9,1.102E-3
10.10E-9,1.111E-3
10.10E-9,1.125E-3
10.11E-9,1.138E-3
10.11E-9,1.150E-3
10.11E-9,1.156E-3
10.12E-9,1.165E-3
10.12E-9,1.171E-3
10.12E-9,1.176E-3
10.12E-9,1.176E-3
10.13E-9,1.175E-3
10.13E-9,1.175E-3
10.13E-9,1.176E-3
10.14E-9,1.184E-3
10.14E-9,1.199E-3
10.15E-9,1.223E-3
10.15E-9,1.255E-3
10.15E-9,1.291E-3
10.16E-9,1.329E-3
10.16E-9,1.361E-3
10.16E-9,1.390E-3
10.17E-9,1.416E-3
10.17E-9,1.436E-3
10.17E-9,1.456E-3
10.18E-9,1.467E-3
10.18E-9,1.477E-3
10.18E-9,1.488E-3
10.19E-9,1.511E-3
10.19E-9,1.548E-3
10.19E-9,1.592E-3
10.20E-9,1.646E-3
10.20E-9,1.684E-3
10.20E-9,1.717E-3
10.21E-9,1.754E-3
10.21E-9,1.791E-3
10.21E-9,1.829E-3
10.22E-9,1.876E-3
10.23E-9,1.931E-3
10.23E-9,1.967E-3
10.24E-9,2.031E-3
10.24E-9,2.173E-3
10.25E-9,2.369E-3
10.25E-9,2.638E-3
10.26E-9,2.836E-3
10.26E-9,2.984E-3
10.26E-9,3.069E-3
10.27E-9,3.129E-3
10.27E-9,3.197E-3
10.28E-9,3.306E-3
10.29E-9,3.435E-3
10.29E-9,3.521E-3
10.29E-9,3.542E-3
10.30E-9,3.510E-3
10.30E-9,3.441E-3
10.30E-9,3.360E-3
10.31E-9,3.252E-3
10.31E-9,3.125E-3
10.32E-9,2.961E-3
10.32E-9,2.737E-3
10.33E-9,2.473E-3
10.33E-9,2.260E-3
10.34E-9,2.035E-3
10.34E-9,1.862E-3
10.35E-9,1.671E-3
10.36E-9,1.468E-3
10.36E-9,1.290E-3
10.37E-9,1.158E-3
10.38E-9,1.041E-3
10.38E-9,965.7E-6
10.39E-9,900.8E-6
10.40E-9,842.1E-6
10.40E-9,790.2E-6
10.41E-9,775.5E-6
10.41E-9,777.7E-6
10.42E-9,776.5E-6
10.42E-9,764.3E-6
10.43E-9,738.6E-6
10.43E-9,723.5E-6
10.43E-9,718.0E-6
10.44E-9,715.2E-6
10.44E-9,714.1E-6
10.44E-9,713.4E-6
10.45E-9,712.8E-6
10.45E-9,715.8E-6
10.46E-9,726.1E-6
10.46E-9,747.8E-6
10.47E-9,782.9E-6
10.47E-9,820.7E-6
10.48E-9,852.1E-6
10.48E-9,870.5E-6
10.49E-9,885.5E-6
10.50E-9,945.1E-6
10.50E-9,1.050E-3
10.51E-9,1.181E-3
10.52E-9,1.311E-3
10.52E-9,1.395E-3
10.53E-9,1.474E-3
10.53E-9,1.530E-3
10.54E-9,1.599E-3
10.54E-9,1.661E-3
10.54E-9,1.720E-3
10.55E-9,1.811E-3
10.55E-9,1.895E-3
10.55E-9,1.994E-3
10.55E-9,2.095E-3
10.56E-9,2.196E-3
10.56E-9,2.298E-3
10.57E-9,2.380E-3
10.57E-9,2.440E-3
10.58E-9,2.467E-3
10.58E-9,2.447E-3
10.59E-9,2.376E-3
10.59E-9,2.276E-3
10.60E-9,2.116E-3
10.60E-9,1.976E-3
10.61E-9,1.918E-3
10.62E-9,1.932E-3
10.62E-9,1.978E-3
10.63E-9,2.012E-3
10.63E-9,2.010E-3
10.64E-9,1.958E-3
10.64E-9,1.867E-3
10.65E-9,1.799E-3
10.65E-9,1.766E-3
10.65E-9,1.753E-3
10.66E-9,1.758E-3
10.66E-9,1.771E-3
10.67E-9,1.774E-3
10.67E-9,1.741E-3
10.67E-9,1.670E-3
10.68E-9,1.568E-3
10.69E-9,1.418E-3
10.69E-9,1.269E-3
10.70E-9,1.118E-3
10.70E-9,953.1E-6
10.71E-9,758.2E-6
10.72E-9,587.2E-6
10.73E-9,482.8E-6
10.74E-9,392.0E-6
10.75E-9,343.5E-6
10.76E-9,289.4E-6
10.77E-9,270.7E-6
10.77E-9,259.4E-6
10.78E-9,247.6E-6
10.79E-9,239.0E-6
10.79E-9,237.9E-6
10.80E-9,236.5E-6
10.81E-9,232.7E-6
10.81E-9,227.7E-6
10.82E-9,223.1E-6
10.83E-9,227.6E-6
10.83E-9,235.9E-6
10.84E-9,241.5E-6
10.85E-9,242.6E-6
10.86E-9,241.0E-6
10.87E-9,242.2E-6
10.88E-9,263.2E-6
10.89E-9,306.2E-6
10.90E-9,338.0E-6
10.91E-9,346.4E-6
10.92E-9,419.1E-6
10.92E-9,540.8E-6
10.93E-9,619.5E-6
10.94E-9,638.7E-6
10.94E-9,622.9E-6
10.95E-9,579.6E-6
10.95E-9,534.6E-6
10.96E-9,483.7E-6
10.97E-9,424.9E-6
10.98E-9,350.2E-6
10.99E-9,270.6E-6
11.01E-9,216.9E-6
11.03E-9,192.3E-6
11.05E-9,184.8E-6
11.07E-9,182.3E-6
11.09E-9,181.5E-6
11.11E-9,181.2E-6
11.14E-9,181.2E-6
11.18E-9,181.1E-6
11.23E-9,181.1E-6
11.30E-9,181.0E-6
11.40E-9,181.0E-6
11.60E-9,180.9E-6
11.80E-9,180.8E-6
12.00E-9,180.8E-6
12.40E-9,180.7E-6
13.14E-9,180.6E-6
13.57E-9,180.6E-6
14.00E-9,180.6E-6
14.00E-9,196.0E-6
14.01E-9,221.7E-6
14.01E-9,236.2E-6
14.02E-9,343.6E-6
14.02E-9,558.5E-6
14.03E-9,830.4E-6
14.03E-9,1.056E-3
14.03E-9,1.277E-3
14.03E-9,1.358E-3
14.04E-9,1.446E-3
14.04E-9,1.507E-3
14.04E-9,1.559E-3
14.04E-9,1.587E-3
14.04E-9,1.599E-3
14.05E-9,1.585E-3
14.05E-9,1.553E-3
14.05E-9,1.512E-3
14.05E-9,1.459E-3
14.05E-9,1.398E-3
14.05E-9,1.346E-3
14.05E-9,1.277E-3
14.06E-9,1.217E-3
14.06E-9,1.166E-3
14.06E-9,1.126E-3
14.06E-9,1.094E-3
14.06E-9,1.061E-3
14.06E-9,1.021E-3
14.07E-9,983.2E-6
14.07E-9,947.2E-6
14.07E-9,912.4E-6
14.07E-9,876.6E-6
14.08E-9,855.8E-6
14.08E-9,840.8E-6
14.08E-9,831.7E-6
14.09E-9,829.2E-6
14.09E-9,833.7E-6
14.10E-9,840.3E-6
14.10E-9,847.3E-6
14.11E-9,851.7E-6
14.11E-9,855.9E-6
14.12E-9,861.5E-6
14.12E-9,861.4E-6
14.12E-9,857.2E-6
14.13E-9,854.6E-6
14.13E-9,853.7E-6
14.13E-9,854.1E-6
14.13E-9,855.7E-6
14.14E-9,859.6E-6
14.14E-9,866.4E-6
14.15E-9,876.6E-6
14.16E-9,896.0E-6
14.16E-9,932.4E-6
14.17E-9,975.4E-6
14.17E-9,1.015E-3
14.17E-9,1.058E-3
14.18E-9,1.088E-3
14.18E-9,1.112E-3
14.18E-9,1.120E-3
14.18E-9,1.124E-3
14.19E-9,1.123E-3
14.19E-9,1.118E-3
14.19E-9,1.115E-3
14.19E-9,1.123E-3
14.20E-9,1.154E-3
14.20E-9,1.189E-3
14.20E-9,1.238E-3
14.21E-9,1.289E-3
14.21E-9,1.332E-3
14.21E-9,1.375E-3
14.22E-9,1.409E-3
14.22E-9,1.434E-3
14.22E-9,1.454E-3
14.23E-9,1.477E-3
14.23E-9,1.499E-3
14.23E-9,1.525E-3
14.24E-9,1.563E-3
14.24E-9,1.630E-3
14.25E-9,1.693E-3
14.25E-9,1.778E-3
14.26E-9,1.906E-3
14.26E-9,2.071E-3
14.27E-9,2.234E-3
14.27E-9,2.323E-3
14.27E-9,2.362E-3
14.28E-9,2.340E-3
14.28E-9,2.266E-3
14.29E-9,2.142E-3
14.29E-9,2.008E-3
14.30E-9,1.889E-3
14.30E-9,1.746E-3
14.31E-9,1.605E-3
14.31E-9,1.460E-3
14.32E-9,1.313E-3
14.32E-9,1.203E-3
14.33E-9,1.112E-3
14.34E-9,1.032E-3
14.34E-9,961.3E-6
14.35E-9,909.1E-6
14.35E-9,879.2E-6
14.36E-9,890.7E-6
14.37E-9,899.4E-6
14.37E-9,891.6E-6
14.38E-9,881.8E-6
14.38E-9,901.4E-6
14.38E-9,946.0E-6
14.39E-9,1.021E-3
14.39E-9,1.092E-3
14.40E-9,1.147E-3
14.40E-9,1.177E-3
14.41E-9,1.202E-3
14.41E-9,1.218E-3
14.42E-9,1.226E-3
14.42E-9,1.229E-3
14.42E-9,1.228E-3
14.43E-9,1.220E-3
14.43E-9,1.201E-3
14.44E-9,1.179E-3
14.44E-9,1.158E-3
14.44E-9,1.129E-3
14.45E-9,1.100E-3
14.45E-9,1.064E-3
14.45E-9,1.019E-3
14.46E-9,979.6E-6
14.46E-9,948.1E-6
14.47E-9,930.6E-6
14.47E-9,921.9E-6
14.48E-9,922.3E-6
14.49E-9,968.1E-6
14.50E-9,1.098E-3
14.50E-9,1.262E-3
14.51E-9,1.374E-3
14.52E-9,1.410E-3
14.52E-9,1.468E-3
14.53E-9,1.658E-3
14.54E-9,1.897E-3
14.54E-9,2.152E-3
14.55E-9,2.272E-3
14.55E-9,2.307E-3
14.56E-9,2.290E-3
14.56E-9,2.298E-3
14.57E-9,2.385E-3
14.57E-9,2.497E-3
14.58E-9,2.574E-3
14.59E-9,2.575E-3
14.59E-9,2.514E-3
14.60E-9,2.404E-3
14.60E-9,2.300E-3
14.61E-9,2.196E-3
14.61E-9,2.057E-3
14.62E-9,1.898E-3
14.62E-9,1.741E-3
14.63E-9,1.538E-3
14.64E-9,1.346E-3
14.64E-9,1.175E-3
14.65E-9,1.038E-3
14.65E-9,914.2E-6
14.66E-9,828.3E-6
14.66E-9,717.6E-6
14.66E-9,646.1E-6
14.67E-9,575.2E-6
14.67E-9,509.4E-6
14.67E-9,450.8E-6
14.68E-9,390.8E-6
14.69E-9,324.1E-6
14.70E-9,266.4E-6
14.70E-9,226.9E-6
14.71E-9,197.7E-6
14.72E-9,177.1E-6
14.73E-9,180.7E-6
14.74E-9,205.7E-6
14.75E-9,239.1E-6
14.76E-9,248.5E-6
14.77E-9,268.2E-6
14.77E-9,342.0E-6
14.78E-9,424.7E-6
14.79E-9,460.8E-6
14.79E-9,470.9E-6
14.80E-9,460.1E-6
14.81E-9,424.9E-6
14.81E-9,394.2E-6
14.82E-9,357.8E-6
14.83E-9,317.5E-6
14.84E-9,253.5E-6
14.85E-9,182.4E-6
14.87E-9,129.0E-6
14.89E-9,97.54E-6
14.92E-9,85.65E-6
14.94E-9,82.16E-6
14.96E-9,81.05E-6
14.99E-9,80.68E-6
15.02E-9,80.54E-6
15.06E-9,80.46E-6
15.11E-9,80.40E-6
15.18E-9,80.34E-6
15.28E-9,80.26E-6
15.45E-9,80.18E-6
15.71E-9,80.09E-6
16.00E-9,80.02E-6
16.45E-9,79.96E-6
17.16E-9,79.89E-6
17.58E-9,79.86E-6
18.00E-9,79.84E-6
18.00E-9,93.18E-6
18.01E-9,116.0E-6
18.01E-9,129.2E-6
18.02E-9,225.3E-6
18.02E-9,406.6E-6
18.03E-9,677.8E-6
18.03E-9,898.1E-6
18.03E-9,1.114E-3
18.04E-9,1.191E-3
18.04E-9,1.255E-3
18.04E-9,1.286E-3
18.04E-9,1.302E-3
18.05E-9,1.287E-3
18.05E-9,1.247E-3
18.05E-9,1.195E-3
18.05E-9,1.137E-3
18.05E-9,1.085E-3
18.06E-9,1.013E-3
18.06E-9,954.5E-6
18.06E-9,908.1E-6
18.06E-9,896.1E-6
18.07E-9,892.5E-6
18.07E-9,890.2E-6
18.07E-9,886.3E-6
18.07E-9,879.1E-6
18.08E-9,872.9E-6
18.08E-9,866.6E-6
18.08E-9,859.6E-6
18.09E-9,850.7E-6
18.09E-9,840.9E-6
18.10E-9,832.2E-6
18.10E-9,821.9E-6
18.11E-9,816.7E-6
18.11E-9,815.1E-6
18.11E-9,817.6E-6
18.12E-9,826.7E-6
18.12E-9,839.7E-6
18.13E-9,860.3E-6
18.13E-9,875.7E-6
18.14E-9,884.5E-6
18.14E-9,894.1E-6
18.14E-9,909.8E-6
18.15E-9,932.2E-6
18.15E-9,955.3E-6
18.15E-9,979.3E-6
18.16E-9,1.012E-3
18.16E-9,1.047E-3
18.16E-9,1.087E-3
18.17E-9,1.128E-3
18.17E-9,1.189E-3
18.18E-9,1.260E-3
18.18E-9,1.347E-3
18.18E-9,1.425E-3
18.19E-9,1.506E-3
18.19E-9,1.545E-3
18.19E-9,1.574E-3
18.20E-9,1.601E-3
18.20E-9,1.628E-3
18.21E-9,1.667E-3
18.21E-9,1.724E-3
18.22E-9,1.823E-3
18.22E-9,1.949E-3
18.23E-9,2.056E-3
18.23E-9,2.135E-3
18.24E-9,2.155E-3
18.24E-9,2.130E-3
18.25E-9,2.094E-3
18.25E-9,2.157E-3
18.26E-9,2.335E-3
18.27E-9,2.536E-3
18.27E-9,2.633E-3
18.28E-9,2.629E-3
18.28E-9,2.560E-3
18.29E-9,2.434E-3
18.29E-9,2.273E-3
18.30E-9,2.100E-3
18.30E-9,1.912E-3
18.31E-9,1.716E-3
18.32E-9,1.527E-3
18.32E-9,1.359E-3
18.33E-9,1.209E-3
18.34E-9,1.086E-3
18.34E-9,1.002E-3
18.35E-9,946.4E-6
18.36E-9,898.3E-6
18.36E-9,858.0E-6
18.37E-9,861.6E-6
18.37E-9,927.8E-6
18.38E-9,996.6E-6
18.39E-9,1.044E-3
18.39E-9,1.050E-3
18.40E-9,1.029E-3
18.40E-9,1.001E-3
18.40E-9,968.6E-6
18.41E-9,933.7E-6
18.41E-9,892.0E-6
18.42E-9,852.3E-6
18.42E-9,806.9E-6
18.43E-9,765.9E-6
18.43E-9,734.2E-6
18.44E-9,705.3E-6
18.45E-9,684.7E-6
18.45E-9,665.2E-6
18.46E-9,653.5E-6
18.46E-9,654.4E-6
18.47E-9,671.5E-6
18.47E-9,710.3E-6
18.48E-9,763.7E-6
18.49E-9,824.0E-6
18.50E-9,871.0E-6
18.50E-9,888.5E-6
18.51E-9,913.5E-6
18.52E-9,1.016E-3
18.52E-9,1.180E-3
18.53E-9,1.336E-3
18.53E-9,1.439E-3
18.54E-9,1.479E-3
18.54E-9,1.504E-3
18.55E-9,1.550E-3
18.55E-9,1.618E-3
18.56E-9,1.711E-3
18.57E-9,1.762E-3
18.57E-9,1.758E-3
18.58E-9,1.706E-3
18.58E-9,1.625E-3
18.59E-9,1.505E-3
18.59E-9,1.384E-3
18.60E-9,1.256E-3
18.60E-9,1.116E-3
18.61E-9,947.5E-6
18.62E-9,808.3E-6
18.63E-9,714.3E-6
18.64E-9,642.2E-6
18.64E-9,613.3E-6
18.64E-9,586.6E-6
18.65E-9,567.1E-6
18.65E-9,549.9E-6
18.66E-9,536.3E-6
18.66E-9,522.9E-6
18.67E-9,511.6E-6
18.68E-9,508.1E-6
18.69E-9,508.4E-6
18.71E-9,514.1E-6
18.72E-9,519.7E-6
18.73E-9,527.1E-6
18.75E-9,539.8E-6
18.76E-9,573.7E-6
18.78E-9,630.0E-6
18.79E-9,704.7E-6
18.80E-9,743.4E-6
18.81E-9,754.6E-6
18.82E-9,745.3E-6
18.83E-9,721.5E-6
18.83E-9,689.9E-6
18.84E-9,655.5E-6
18.85E-9,614.9E-6
18.85E-9,589.8E-6
18.86E-9,563.5E-6
18.87E-9,539.6E-6
18.87E-9,518.0E-6
18.88E-9,490.3E-6
18.89E-9,474.7E-6
18.89E-9,465.5E-6
18.90E-9,458.1E-6
18.90E-9,445.4E-6
18.91E-9,438.6E-6
18.91E-9,433.1E-6
18.91E-9,429.3E-6
18.92E-9,424.8E-6
18.92E-9,421.2E-6
18.93E-9,417.0E-6
18.93E-9,414.6E-6
18.94E-9,419.8E-6
18.95E-9,427.0E-6
18.97E-9,429.1E-6
18.98E-9,427.4E-6
18.99E-9,428.4E-6
19.00E-9,450.9E-6
19.01E-9,494.8E-6
19.02E-9,522.8E-6
19.03E-9,531.5E-6
19.04E-9,624.4E-6
19.05E-9,740.5E-6
19.05E-9,807.8E-6
19.06E-9,814.7E-6
19.07E-9,791.2E-6
19.07E-9,735.2E-6
19.08E-9,687.2E-6
19.09E-9,630.6E-6
19.09E-9,568.7E-6
19.11E-9,489.2E-6
19.12E-9,423.7E-6
19.14E-9,384.9E-6
19.16E-9,372.1E-6
19.18E-9,368.1E-6
19.20E-9,366.8E-6
19.22E-9,366.3E-6
19.25E-9,366.2E-6
19.28E-9,366.1E-6
19.33E-9,366.0E-6
19.38E-9,365.9E-6
19.47E-9,365.8E-6
19.61E-9,365.7E-6
19.84E-9,365.6E-6
20.00E-9,365.6E-6
20.32E-9,365.6E-6
20.93E-9,365.5E-6
21.44E-9,365.5E-6
22.00E-9,365.4E-6
22.00E-9,379.9E-6
22.01E-9,402.1E-6
22.01E-9,406.3E-6
22.02E-9,481.8E-6
22.02E-9,642.9E-6
22.03E-9,883.0E-6
22.03E-9,1.079E-3
22.03E-9,1.207E-3
22.04E-9,1.321E-3
22.04E-9,1.386E-3
22.04E-9,1.425E-3
22.04E-9,1.448E-3
22.05E-9,1.460E-3
22.05E-9,1.456E-3
22.05E-9,1.442E-3
22.05E-9,1.401E-3
22.05E-9,1.351E-3
22.05E-9,1.305E-3
22.06E-9,1.236E-3
22.06E-9,1.172E-3
22.06E-9,1.110E-3
22.06E-9,1.075E-3
22.06E-9,1.047E-3
22.06E-9,1.018E-3
22.07E-9,997.1E-6
22.07E-9,974.1E-6
22.07E-9,947.4E-6
22.07E-9,922.5E-6
22.08E-9,901.2E-6
22.08E-9,879.5E-6
22.09E-9,857.9E-6
22.09E-9,842.9E-6
22.10E-9,845.7E-6
22.10E-9,852.5E-6
22.10E-9,862.1E-6
22.11E-9,876.9E-6
22.11E-9,896.1E-6
22.11E-9,916.3E-6
22.12E-9,932.8E-6
22.12E-9,945.5E-6
22.12E-9,950.9E-6
22.13E-9,952.5E-6
22.13E-9,953.0E-6
22.13E-9,954.2E-6
22.14E-9,958.1E-6
22.14E-9,967.8E-6
22.15E-9,980.2E-6
22.15E-9,997.8E-6
22.15E-9,1.030E-3
22.16E-9,1.061E-3
22.16E-9,1.098E-3
22.16E-9,1.127E-3
22.17E-9,1.161E-3
22.17E-9,1.188E-3
22.18E-9,1.205E-3
22.18E-9,1.220E-3
22.18E-9,1.239E-3
22.19E-9,1.276E-3
22.19E-9,1.332E-3
22.20E-9,1.411E-3
22.20E-9,1.498E-3
22.20E-9,1.575E-3
22.21E-9,1.678E-3
22.21E-9,1.760E-3
22.21E-9,1.821E-3
22.22E-9,1.856E-3
22.22E-9,1.886E-3
22.23E-9,1.935E-3
22.23E-9,1.996E-3
22.23E-9,2.098E-3
22.24E-9,2.247E-3
22.24E-9,2.420E-3
22.25E-9,2.580E-3
22.25E-9,2.709E-3
22.26E-9,2.840E-3
22.26E-9,2.979E-3
22.27E-9,3.075E-3
22.27E-9,3.159E-3
22.28E-9,3.229E-3
22.28E-9,3.292E-3
22.29E-9,3.316E-3
22.29E-9,3.290E-3
22.30E-9,3.208E-3
22.30E-9,3.090E-3
22.31E-9,2.935E-3
22.31E-9,2.800E-3
22.31E-9,2.671E-3
22.32E-9,2.559E-3
22.32E-9,2.402E-3
22.33E-9,2.257E-3
22.33E-9,2.099E-3
22.34E-9,2.005E-3
22.34E-9,1.903E-3
22.34E-9,1.837E-3
22.35E-9,1.778E-3
22.35E-9,1.738E-3
22.35E-9,1.714E-3
22.36E-9,1.700E-3
22.37E-9,1.682E-3
22.37E-9,1.646E-3
22.38E-9,1.595E-3
22.38E-9,1.535E-3
22.39E-9,1.492E-3
22.39E-9,1.446E-3
22.39E-9,1.411E-3
22.40E-9,1.355E-3
22.40E-9,1.313E-3
22.40E-9,1.264E-3
22.41E-9,1.226E-3
22.41E-9,1.184E-3
22.41E-9,1.140E-3
22.42E-9,1.111E-3
22.42E-9,1.089E-3
22.43E-9,1.090E-3
22.43E-9,1.108E-3
22.44E-9,1.126E-3
22.44E-9,1.129E-3
22.45E-9,1.124E-3
22.45E-9,1.120E-3
22.46E-9,1.128E-3
22.46E-9,1.148E-3
22.47E-9,1.182E-3
22.47E-9,1.220E-3
22.48E-9,1.254E-3
22.48E-9,1.284E-3
22.48E-9,1.308E-3
22.49E-9,1.326E-3
22.49E-9,1.348E-3
22.49E-9,1.369E-3
22.50E-9,1.405E-3
22.50E-9,1.448E-3
22.50E-9,1.512E-3
22.51E-9,1.571E-3
22.51E-9,1.623E-3
22.51E-9,1.672E-3
22.51E-9,1.725E-3
22.52E-9,1.772E-3
22.52E-9,1.818E-3
22.52E-9,1.870E-3
22.53E-9,1.922E-3
22.53E-9,1.973E-3
22.54E-9,2.046E-3
22.54E-9,2.147E-3
22.55E-9,2.303E-3
22.55E-9,2.424E-3
22.56E-9,2.514E-3
22.56E-9,2.554E-3
22.57E-9,2.573E-3
22.57E-9,2.576E-3
22.58E-9,2.561E-3
22.58E-9,2.539E-3
22.58E-9,2.503E-3
22.59E-9,2.479E-3
22.59E-9,2.487E-3
22.60E-9,2.514E-3
22.60E-9,2.519E-3
22.61E-9,2.514E-3
22.61E-9,2.502E-3
22.61E-9,2.486E-3
22.61E-9,2.461E-3
22.62E-9,2.433E-3
22.62E-9,2.393E-3
22.63E-9,2.344E-3
22.63E-9,2.301E-3
22.64E-9,2.246E-3
22.64E-9,2.139E-3
22.65E-9,2.018E-3
22.65E-9,1.873E-3
22.66E-9,1.678E-3
22.67E-9,1.512E-3
22.67E-9,1.344E-3
22.68E-9,1.166E-3
22.69E-9,993.5E-6
22.70E-9,846.5E-6
22.70E-9,750.1E-6
22.72E-9,643.5E-6
22.73E-9,598.0E-6
22.73E-9,571.6E-6
22.74E-9,549.3E-6
22.75E-9,533.4E-6
22.75E-9,526.4E-6
22.76E-9,520.4E-6
22.77E-9,513.4E-6
22.77E-9,506.2E-6
22.78E-9,500.7E-6
22.79E-9,504.7E-6
22.80E-9,512.4E-6
22.80E-9,517.4E-6
22.81E-9,518.0E-6
22.82E-9,515.5E-6
22.83E-9,514.7E-6
22.84E-9,521.5E-6
22.84E-9,533.4E-6
22.85E-9,550.7E-6
22.85E-9,575.3E-6
22.86E-9,592.4E-6
22.86E-9,602.9E-6
22.87E-9,609.1E-6
22.88E-9,651.0E-6
22.88E-9,749.4E-6
22.89E-9,843.4E-6
22.89E-9,882.6E-6
22.90E-9,892.1E-6
22.90E-9,876.2E-6
22.91E-9,825.4E-6
22.92E-9,781.2E-6
22.92E-9,728.6E-6
22.93E-9,671.9E-6
22.94E-9,595.9E-6
22.95E-9,525.4E-6
22.97E-9,468.1E-6
22.99E-9,442.2E-6
23.01E-9,433.8E-6
23.03E-9,430.8E-6
23.05E-9,429.6E-6
23.07E-9,429.0E-6
23.10E-9,428.4E-6
23.14E-9,427.9E-6
23.19E-9,427.3E-6
23.25E-9,426.8E-6
23.36E-9,426.3E-6
23.52E-9,425.9E-6
23.74E-9,425.7E-6
24.00E-9,425.6E-6
24.39E-9,425.5E-6
25.03E-9,425.4E-6
25.60E-9,425.4E-6
26.00E-9,425.4E-6
26.00E-9,438.3E-6
26.01E-9,459.1E-6
26.01E-9,468.0E-6
26.02E-9,554.0E-6
26.02E-9,731.9E-6
26.03E-9,1.002E-3
26.03E-9,1.228E-3
26.03E-9,1.391E-3
26.04E-9,1.556E-3
26.04E-9,1.659E-3
26.04E-9,1.725E-3
26.04E-9,1.763E-3
26.05E-9,1.783E-3
26.05E-9,1.771E-3
26.05E-9,1.750E-3
26.05E-9,1.708E-3
26.05E-9,1.658E-3
26.05E-9,1.614E-3
26.05E-9,1.554E-3
26.06E-9,1.509E-3
26.06E-9,1.474E-3
26.06E-9,1.446E-3
26.06E-9,1.426E-3
26.06E-9,1.394E-3
26.07E-9,1.370E-3
26.07E-9,1.345E-3
26.07E-9,1.319E-3
26.07E-9,1.285E-3
26.08E-9,1.263E-3
26.08E-9,1.247E-3
26.08E-9,1.234E-3
26.09E-9,1.227E-3
26.09E-9,1.226E-3
26.10E-9,1.230E-3
26.10E-9,1.237E-3
26.11E-9,1.249E-3
26.11E-9,1.270E-3
26.11E-9,1.293E-3
26.12E-9,1.312E-3
26.12E-9,1.333E-3
26.12E-9,1.358E-3
26.12E-9,1.381E-3
26.13E-9,1.406E-3
26.13E-9,1.435E-3
26.13E-9,1.466E-3
26.14E-9,1.509E-3
26.14E-9,1.551E-3
26.15E-9,1.590E-3
26.15E-9,1.624E-3
26.16E-9,1.638E-3
26.16E-9,1.649E-3
26.16E-9,1.662E-3
26.16E-9,1.679E-3
26.17E-9,1.701E-3
26.17E-9,1.728E-3
26.17E-9,1.762E-3
26.17E-9,1.797E-3
26.18E-9,1.857E-3
26.18E-9,1.904E-3
26.18E-9,1.953E-3
26.19E-9,2.009E-3
26.19E-9,2.052E-3
26.19E-9,2.099E-3
26.20E-9,2.149E-3
26.20E-9,2.205E-3
26.20E-9,2.268E-3
26.20E-9,2.328E-3
26.21E-9,2.395E-3
26.21E-9,2.466E-3
26.21E-9,2.549E-3
26.21E-9,2.628E-3
26.22E-9,2.740E-3
26.22E-9,2.868E-3
26.22E-9,2.997E-3
26.23E-9,3.159E-3
26.23E-9,3.316E-3
26.24E-9,3.431E-3
26.24E-9,3.479E-3
26.25E-9,3.472E-3
26.25E-9,3.448E-3
26.25E-9,3.422E-3
26.26E-9,3.417E-3
26.26E-9,3.455E-3
26.26E-9,3.541E-3
26.27E-9,3.625E-3
26.27E-9,3.668E-3
26.28E-9,3.614E-3
26.28E-9,3.518E-3
26.28E-9,3.424E-3
26.29E-9,3.300E-3
26.29E-9,3.176E-3
26.29E-9,3.033E-3
26.30E-9,2.850E-3
26.30E-9,2.682E-3
26.31E-9,2.471E-3
26.31E-9,2.326E-3
26.31E-9,2.217E-3
26.32E-9,2.127E-3
26.32E-9,2.041E-3
26.33E-9,1.940E-3
26.33E-9,1.847E-3
26.34E-9,1.771E-3
26.34E-9,1.703E-3
26.35E-9,1.606E-3
26.36E-9,1.529E-3
26.36E-9,1.468E-3
26.37E-9,1.417E-3
26.37E-9,1.365E-3
26.38E-9,1.310E-3
26.38E-9,1.253E-3
26.39E-9,1.206E-3
26.39E-9,1.172E-3
26.40E-9,1.180E-3
26.40E-9,1.240E-3
26.41E-9,1.358E-3
26.41E-9,1.433E-3
26.42E-9,1.435E-3
26.42E-9,1.390E-3
26.43E-9,1.320E-3
26.43E-9,1.235E-3
26.44E-9,1.145E-3
26.45E-9,1.060E-3
26.45E-9,998.3E-6
26.46E-9,930.3E-6
26.46E-9,881.8E-6
26.47E-9,848.0E-6
26.47E-9,819.8E-6
26.48E-9,775.0E-6
26.48E-9,738.8E-6
26.49E-9,729.9E-6
26.49E-9,745.7E-6
26.50E-9,791.4E-6
26.50E-9,834.8E-6
26.51E-9,873.5E-6
26.51E-9,877.6E-6
26.52E-9,864.6E-6
26.53E-9,839.6E-6
26.53E-9,821.8E-6
26.54E-9,809.8E-6
26.55E-9,805.5E-6
26.55E-9,807.0E-6
26.56E-9,820.5E-6
26.57E-9,886.3E-6
26.58E-9,991.7E-6
26.58E-9,1.055E-3
26.59E-9,1.069E-3
26.60E-9,1.098E-3
26.60E-9,1.187E-3
26.61E-9,1.273E-3
26.61E-9,1.330E-3
26.62E-9,1.335E-3
26.63E-9,1.302E-3
26.63E-9,1.230E-3
26.64E-9,1.139E-3
26.64E-9,1.051E-3
26.65E-9,951.2E-6
26.66E-9,826.6E-6
26.67E-9,664.0E-6
26.69E-9,512.0E-6
26.71E-9,410.0E-6
26.73E-9,355.1E-6
26.76E-9,335.0E-6
26.78E-9,328.5E-6
26.80E-9,326.4E-6
26.83E-9,325.7E-6
26.87E-9,325.5E-6
26.91E-9,325.4E-6
26.96E-9,325.4E-6
27.04E-9,325.3E-6
27.15E-9,325.2E-6
27.34E-9,325.1E-6
27.61E-9,325.0E-6
27.81E-9,325.0E-6
28.00E-9,324.9E-6
28.39E-9,324.9E-6
29.16E-9,324.8E-6
29.58E-9,324.8E-6
30.00E-9,324.8E-6
30.00E-9,337.3E-6
30.01E-9,358.5E-6
30.01E-9,370.7E-6
30.02E-9,462.2E-6
30.02E-9,640.1E-6
30.03E-9,905.0E-6
30.03E-9,1.118E-3
30.03E-9,1.326E-3
30.04E-9,1.444E-3
30.04E-9,1.512E-3
30.04E-9,1.555E-3
30.05E-9,1.591E-3
30.05E-9,1.606E-3
30.05E-9,1.614E-3
30.05E-9,1.584E-3
30.05E-9,1.546E-3
30.05E-9,1.508E-3
30.06E-9,1.448E-3
30.06E-9,1.385E-3
30.06E-9,1.334E-3
30.06E-9,1.305E-3
30.06E-9,1.286E-3
30.06E-9,1.273E-3
30.07E-9,1.265E-3
30.07E-9,1.259E-3
30.07E-9,1.253E-3
30.07E-9,1.249E-3
30.08E-9,1.245E-3
30.08E-9,1.240E-3
30.08E-9,1.235E-3
30.09E-9,1.235E-3
30.09E-9,1.241E-3
30.09E-9,1.255E-3
30.10E-9,1.272E-3
30.10E-9,1.296E-3
30.11E-9,1.318E-3
30.11E-9,1.340E-3
30.11E-9,1.360E-3
30.12E-9,1.382E-3
30.12E-9,1.401E-3
30.12E-9,1.419E-3
30.13E-9,1.429E-3
30.13E-9,1.434E-3
30.14E-9,1.437E-3
30.14E-9,1.446E-3
30.14E-9,1.461E-3
30.15E-9,1.482E-3
30.15E-9,1.509E-3
30.15E-9,1.545E-3
30.16E-9,1.595E-3
30.16E-9,1.645E-3
30.16E-9,1.706E-3
30.17E-9,1.765E-3
30.17E-9,1.837E-3
30.18E-9,1.879E-3
30.18E-9,1.901E-3
30.18E-9,1.920E-3
30.19E-9,1.974E-3
30.19E-9,2.126E-3
30.20E-9,2.362E-3
30.21E-9,2.597E-3
30.21E-9,2.721E-3
30.22E-9,2.779E-3
30.22E-9,2.777E-3
30.23E-9,2.730E-3
30.23E-9,2.656E-3
30.24E-9,2.606E-3
30.24E-9,2.620E-3
30.25E-9,2.705E-3
30.26E-9,2.864E-3
30.26E-9,2.981E-3
30.27E-9,3.050E-3
30.27E-9,3.084E-3
30.28E-9,3.106E-3
30.28E-9,3.108E-3
30.29E-9,3.073E-3
30.29E-9,3.002E-3
30.29E-9,2.899E-3
30.30E-9,2.760E-3
30.30E-9,2.591E-3
30.31E-9,2.444E-3
30.32E-9,2.320E-3
30.32E-9,2.221E-3
30.33E-9,2.134E-3
30.33E-9,2.073E-3
30.34E-9,2.037E-3
30.34E-9,2.010E-3
30.34E-9,2.005E-3
30.35E-9,2.027E-3
30.35E-9,2.065E-3
30.35E-9,2.136E-3
30.36E-9,2.276E-3
30.36E-9,2.422E-3
30.37E-9,2.577E-3
30.37E-9,2.678E-3
30.38E-9,2.708E-3
30.38E-9,2.676E-3
30.39E-9,2.594E-3
30.39E-9,2.482E-3
30.40E-9,2.392E-3
30.41E-9,2.335E-3
30.41E-9,2.276E-3
30.42E-9,2.214E-3
30.42E-9,2.154E-3
30.43E-9,2.076E-3
30.43E-9,2.022E-3
30.44E-9,2.021E-3
30.44E-9,2.049E-3
30.45E-9,2.071E-3
30.46E-9,2.050E-3
30.46E-9,2.008E-3
30.47E-9,1.966E-3
30.47E-9,1.970E-3
30.48E-9,2.019E-3
30.48E-9,2.086E-3
30.49E-9,2.113E-3
30.50E-9,2.096E-3
30.50E-9,2.048E-3
30.51E-9,2.006E-3
30.51E-9,1.970E-3
30.51E-9,1.925E-3
30.51E-9,1.886E-3
30.52E-9,1.847E-3
30.52E-9,1.802E-3
30.52E-9,1.754E-3
30.53E-9,1.696E-3
30.53E-9,1.630E-3
30.54E-9,1.604E-3
30.54E-9,1.629E-3
30.55E-9,1.667E-3
30.56E-9,1.674E-3
30.56E-9,1.655E-3
30.57E-9,1.621E-3
30.57E-9,1.597E-3
30.58E-9,1.589E-3
30.58E-9,1.588E-3
30.58E-9,1.598E-3
30.59E-9,1.615E-3
30.59E-9,1.641E-3
30.60E-9,1.679E-3
30.60E-9,1.703E-3
30.61E-9,1.716E-3
30.61E-9,1.690E-3
30.62E-9,1.644E-3
30.63E-9,1.653E-3
30.63E-9,1.755E-3
30.64E-9,1.864E-3
30.64E-9,1.935E-3
30.64E-9,2.000E-3
30.65E-9,2.043E-3
30.65E-9,2.065E-3
30.66E-9,2.050E-3
30.66E-9,2.009E-3
30.67E-9,1.965E-3
30.67E-9,1.961E-3
30.68E-9,2.003E-3
30.68E-9,2.071E-3
30.69E-9,2.117E-3
30.69E-9,2.135E-3
30.70E-9,2.140E-3
30.70E-9,2.139E-3
30.71E-9,2.129E-3
30.71E-9,2.118E-3
30.72E-9,2.117E-3
30.72E-9,2.111E-3
30.73E-9,2.081E-3
30.73E-9,2.044E-3
30.74E-9,2.024E-3
30.74E-9,2.009E-3
30.75E-9,1.986E-3
30.76E-9,1.949E-3
30.76E-9,1.904E-3
30.77E-9,1.850E-3
30.77E-9,1.799E-3
30.78E-9,1.743E-3
30.79E-9,1.669E-3
30.79E-9,1.590E-3
30.80E-9,1.590E-3
30.81E-9,1.588E-3
30.81E-9,1.562E-3
30.82E-9,1.513E-3
30.82E-9,1.444E-3
30.83E-9,1.335E-3
30.83E-9,1.250E-3
30.84E-9,1.159E-3
30.84E-9,1.069E-3
30.85E-9,983.2E-6
30.86E-9,907.7E-6
30.86E-9,877.2E-6
30.87E-9,849.4E-6
30.87E-9,828.3E-6
30.87E-9,810.4E-6
30.88E-9,794.1E-6
30.88E-9,776.3E-6
30.88E-9,764.8E-6
30.88E-9,751.4E-6
30.89E-9,739.8E-6
30.89E-9,729.1E-6
30.89E-9,717.7E-6
30.90E-9,706.8E-6
30.90E-9,702.3E-6
30.91E-9,700.8E-6
30.92E-9,697.7E-6
30.93E-9,694.4E-6
30.94E-9,694.5E-6
30.95E-9,714.9E-6
30.96E-9,757.3E-6
30.97E-9,792.0E-6
30.98E-9,801.7E-6
30.99E-9,870.1E-6
31.00E-9,995.0E-6
31.00E-9,1.075E-3
31.01E-9,1.097E-3
31.01E-9,1.082E-3
31.02E-9,1.040E-3
31.03E-9,996.5E-6
31.03E-9,947.3E-6
31.04E-9,889.8E-6
31.05E-9,818.4E-6
31.06E-9,742.5E-6
31.08E-9,704.6E-6
31.09E-9,687.3E-6
31.11E-9,683.2E-6
31.12E-9,686.0E-6
31.14E-9,692.0E-6
31.16E-9,699.9E-6
31.18E-9,710.6E-6
31.21E-9,723.0E-6
31.23E-9,735.0E-6
31.26E-9,749.5E-6
31.27E-9,778.3E-6
31.28E-9,809.5E-6
31.30E-9,848.9E-6
31.31E-9,873.9E-6
31.32E-9,894.3E-6
31.32E-9,904.9E-6
31.33E-9,913.0E-6
31.33E-9,913.4E-6
31.33E-9,911.3E-6
31.34E-9,908.3E-6
31.34E-9,906.0E-6
31.34E-9,904.9E-6
31.34E-9,904.3E-6
31.35E-9,903.9E-6
31.35E-9,903.6E-6
31.35E-9,903.6E-6
31.36E-9,903.8E-6
31.37E-9,903.5E-6
31.38E-9,898.4E-6
31.39E-9,883.9E-6
31.40E-9,854.9E-6
31.41E-9,808.1E-6
31.42E-9,759.8E-6
31.43E-9,722.3E-6
31.44E-9,694.5E-6
31.45E-9,673.2E-6
31.46E-9,657.6E-6
31.47E-9,642.7E-6
31.49E-9,631.1E-6
31.50E-9,624.7E-6
31.52E-9,619.7E-6
31.53E-9,615.6E-6
31.56E-9,611.9E-6
31.59E-9,608.8E-6
31.62E-9,606.6E-6
31.67E-9,605.4E-6
31.74E-9,604.9E-6
31.82E-9,604.2E-6
31.91E-9,606.1E-6
31.96E-9,609.4E-6
32.00E-9,612.6E-6
32.01E-9,612.8E-6
32.03E-9,613.1E-6
32.04E-9,615.1E-6
32.06E-9,621.4E-6
32.08E-9,629.5E-6
32.09E-9,632.4E-6
32.11E-9,632.7E-6
32.12E-9,634.6E-6
32.12E-9,635.3E-6
32.13E-9,632.6E-6
32.14E-9,630.0E-6
32.15E-9,640.0E-6
32.16E-9,648.1E-6
32.16E-9,650.8E-6
32.17E-9,649.6E-6
32.17E-9,645.5E-6
32.18E-9,642.0E-6
32.19E-9,643.5E-6
32.20E-9,650.3E-6
32.20E-9,656.9E-6
32.21E-9,663.9E-6
32.21E-9,674.2E-6
32.21E-9,678.6E-6
32.22E-9,679.9E-6
32.23E-9,678.2E-6
32.23E-9,675.6E-6
32.24E-9,675.0E-6
32.25E-9,681.9E-6
32.26E-9,691.3E-6
32.26E-9,700.0E-6
32.27E-9,709.9E-6
32.28E-9,718.6E-6
32.29E-9,727.2E-6
32.29E-9,732.6E-6
32.30E-9,735.1E-6
32.31E-9,738.4E-6
32.32E-9,760.2E-6
32.32E-9,811.3E-6
32.33E-9,884.1E-6
32.34E-9,950.3E-6
32.35E-9,969.9E-6
32.35E-9,960.9E-6
32.36E-9,932.3E-6
32.37E-9,895.2E-6
32.38E-9,856.0E-6
32.39E-9,809.6E-6
32.40E-9,753.8E-6
32.41E-9,684.6E-6
32.43E-9,636.7E-6
32.45E-9,606.3E-6
32.48E-9,597.4E-6
32.50E-9,594.5E-6
32.52E-9,593.6E-6
32.55E-9,593.1E-6
32.59E-9,592.9E-6
32.63E-9,592.8E-6
32.68E-9,592.6E-6
32.76E-9,592.5E-6
32.87E-9,592.3E-6
33.08E-9,592.2E-6
33.35E-9,592.1E-6
33.69E-9,592.0E-6
34.00E-9,592.0E-6
34.00E-9,607.5E-6
34.01E-9,632.0E-6
34.01E-9,637.2E-6
34.02E-9,718.0E-6
34.02E-9,893.7E-6
34.03E-9,1.162E-3
34.03E-9,1.369E-3
34.03E-9,1.550E-3
34.04E-9,1.643E-3
34.04E-9,1.699E-3
34.04E-9,1.731E-3
34.04E-9,1.752E-3
34.05E-9,1.757E-3
34.05E-9,1.751E-3
34.05E-9,1.738E-3
34.05E-9,1.697E-3
34.05E-9,1.656E-3
34.05E-9,1.621E-3
34.06E-9,1.567E-3
34.06E-9,1.522E-3
34.06E-9,1.480E-3
34.06E-9,1.447E-3
34.06E-9,1.408E-3
34.06E-9,1.371E-3
34.07E-9,1.342E-3
34.07E-9,1.312E-3
34.07E-9,1.283E-3
34.08E-9,1.263E-3
34.08E-9,1.252E-3
34.08E-9,1.248E-3
34.09E-9,1.245E-3
34.09E-9,1.243E-3
34.09E-9,1.244E-3
34.09E-9,1.247E-3
34.10E-9,1.253E-3
34.10E-9,1.260E-3
34.10E-9,1.269E-3
34.11E-9,1.285E-3
34.11E-9,1.309E-3
34.11E-9,1.334E-3
34.11E-9,1.355E-3
34.12E-9,1.375E-3
34.12E-9,1.389E-3
34.12E-9,1.402E-3
34.13E-9,1.410E-3
34.13E-9,1.417E-3
34.14E-9,1.431E-3
34.14E-9,1.466E-3
34.15E-9,1.540E-3
34.15E-9,1.633E-3
34.15E-9,1.729E-3
34.16E-9,1.769E-3
34.16E-9,1.807E-3
34.16E-9,1.826E-3
34.17E-9,1.840E-3
34.17E-9,1.839E-3
34.17E-9,1.830E-3
34.18E-9,1.812E-3
34.18E-9,1.787E-3
34.18E-9,1.767E-3
34.19E-9,1.744E-3
34.19E-9,1.715E-3
34.19E-9,1.684E-3
34.20E-9,1.651E-3
34.20E-9,1.623E-3
34.20E-9,1.608E-3
34.21E-9,1.600E-3
34.21E-9,1.606E-3
34.21E-9,1.631E-3
34.22E-9,1.693E-3
34.22E-9,1.771E-3
34.22E-9,1.843E-3
34.23E-9,1.930E-3
34.23E-9,1.989E-3
34.24E-9,2.036E-3
34.24E-9,2.089E-3
34.25E-9,2.130E-3
34.25E-9,2.178E-3
34.25E-9,2.213E-3
34.26E-9,2.258E-3
34.26E-9,2.291E-3
34.26E-9,2.331E-3
34.27E-9,2.349E-3
34.27E-9,2.343E-3
34.28E-9,2.292E-3
34.28E-9,2.205E-3
34.29E-9,2.080E-3
34.29E-9,1.938E-3
34.30E-9,1.794E-3
34.30E-9,1.663E-3
34.31E-9,1.531E-3
34.31E-9,1.412E-3
34.32E-9,1.296E-3
34.33E-9,1.191E-3
34.33E-9,1.113E-3
34.33E-9,1.066E-3
34.34E-9,1.020E-3
34.35E-9,992.2E-6
34.35E-9,973.4E-6
34.35E-9,960.9E-6
34.36E-9,947.2E-6
34.36E-9,936.6E-6
34.36E-9,925.5E-6
34.37E-9,910.6E-6
34.37E-9,906.5E-6
34.38E-9,914.8E-6
34.38E-9,930.6E-6
34.39E-9,962.4E-6
34.39E-9,998.3E-6
34.40E-9,1.041E-3
34.40E-9,1.090E-3
34.41E-9,1.145E-3
34.41E-9,1.194E-3
34.42E-9,1.225E-3
34.42E-9,1.243E-3
34.43E-9,1.243E-3
34.43E-9,1.236E-3
34.44E-9,1.241E-3
34.44E-9,1.263E-3
34.45E-9,1.286E-3
34.46E-9,1.304E-3
34.46E-9,1.333E-3
34.47E-9,1.403E-3
34.47E-9,1.479E-3
34.48E-9,1.534E-3
34.48E-9,1.549E-3
34.48E-9,1.543E-3
34.49E-9,1.540E-3
34.49E-9,1.549E-3
34.49E-9,1.572E-3
34.50E-9,1.622E-3
34.50E-9,1.666E-3
34.51E-9,1.699E-3
34.51E-9,1.714E-3
34.51E-9,1.717E-3
34.52E-9,1.709E-3
34.52E-9,1.696E-3
34.52E-9,1.703E-3
34.53E-9,1.766E-3
34.53E-9,1.843E-3
34.54E-9,1.927E-3
34.54E-9,2.010E-3
34.55E-9,2.067E-3
34.55E-9,2.099E-3
34.56E-9,2.086E-3
34.56E-9,2.038E-3
34.57E-9,1.947E-3
34.57E-9,1.806E-3
34.58E-9,1.725E-3
34.59E-9,1.678E-3
34.59E-9,1.638E-3
34.60E-9,1.584E-3
34.60E-9,1.551E-3
34.61E-9,1.527E-3
34.61E-9,1.508E-3
34.62E-9,1.496E-3
34.63E-9,1.493E-3
34.63E-9,1.486E-3
34.64E-9,1.466E-3
34.64E-9,1.456E-3
34.65E-9,1.446E-3
34.65E-9,1.417E-3
34.66E-9,1.374E-3
34.66E-9,1.307E-3
34.67E-9,1.228E-3
34.67E-9,1.141E-3
34.68E-9,1.054E-3
34.69E-9,963.2E-6
34.69E-9,865.4E-6
34.70E-9,791.8E-6
34.71E-9,733.1E-6
34.71E-9,694.3E-6
34.72E-9,652.8E-6
34.72E-9,626.9E-6
34.72E-9,598.6E-6
34.73E-9,577.2E-6
34.73E-9,554.5E-6
34.74E-9,535.0E-6
34.74E-9,518.4E-6
34.75E-9,502.6E-6
34.75E-9,487.7E-6
34.76E-9,476.2E-6
34.77E-9,467.7E-6
34.78E-9,461.9E-6
34.79E-9,469.9E-6
34.80E-9,495.7E-6
34.81E-9,535.9E-6
34.82E-9,561.2E-6
34.83E-9,568.1E-6
34.84E-9,649.0E-6
34.84E-9,738.3E-6
34.85E-9,788.0E-6
34.86E-9,790.2E-6
34.86E-9,772.2E-6
34.87E-9,746.2E-6
34.88E-9,716.6E-6
34.88E-9,680.9E-6
34.89E-9,637.5E-6
34.90E-9,575.2E-6
34.92E-9,504.4E-6
34.94E-9,453.6E-6
34.96E-9,424.0E-6
34.98E-9,414.3E-6
35.01E-9,412.0E-6
35.03E-9,411.8E-6
35.06E-9,412.3E-6
35.09E-9,413.1E-6
35.13E-9,414.0E-6
35.18E-9,415.1E-6
35.25E-9,416.3E-6
35.36E-9,417.6E-6
35.49E-9,418.8E-6
35.67E-9,419.8E-6
35.83E-9,420.5E-6
36.00E-9,420.8E-6
36.28E-9,421.1E-6
36.63E-9,421.3E-6
36.96E-9,421.3E-6
37.48E-9,421.3E-6
38.00E-9,421.2E-6
38.00E-9,435.6E-6
38.01E-9,458.1E-6
38.01E-9,463.1E-6
38.02E-9,541.8E-6
38.02E-9,703.3E-6
38.03E-9,935.3E-6
38.03E-9,1.108E-3
38.03E-9,1.237E-3
38.04E-9,1.281E-3
38.04E-9,1.304E-3
38.04E-9,1.324E-3
38.04E-9,1.342E-3
38.05E-9,1.353E-3
38.05E-9,1.358E-3
38.05E-9,1.358E-3
38.05E-9,1.325E-3
38.05E-9,1.294E-3
38.05E-9,1.263E-3
38.05E-9,1.205E-3
38.06E-9,1.136E-3
38.06E-9,1.041E-3
38.06E-9,980.7E-6
38.06E-9,931.0E-6
38.06E-9,872.9E-6
38.07E-9,834.2E-6
38.07E-9,799.6E-6
38.07E-9,769.1E-6
38.07E-9,745.3E-6
38.08E-9,738.0E-6
38.08E-9,749.9E-6
38.09E-9,773.4E-6
38.09E-9,803.6E-6
38.10E-9,825.7E-6
38.10E-9,839.1E-6
38.11E-9,849.6E-6
38.11E-9,866.9E-6
38.12E-9,911.8E-6
38.12E-9,966.6E-6
38.12E-9,1.016E-3
38.13E-9,1.077E-3
38.13E-9,1.103E-3
38.14E-9,1.116E-3
38.14E-9,1.121E-3
38.15E-9,1.122E-3
38.15E-9,1.118E-3
38.16E-9,1.106E-3
38.16E-9,1.097E-3
38.16E-9,1.089E-3
38.17E-9,1.077E-3
38.17E-9,1.056E-3
38.18E-9,1.021E-3
38.18E-9,998.6E-6
38.18E-9,991.7E-6
38.19E-9,1.007E-3
38.19E-9,1.054E-3
38.20E-9,1.123E-3
38.21E-9,1.169E-3
38.21E-9,1.198E-3
38.22E-9,1.215E-3
38.22E-9,1.235E-3
38.23E-9,1.274E-3
38.23E-9,1.319E-3
38.23E-9,1.370E-3
38.24E-9,1.409E-3
38.24E-9,1.440E-3
38.25E-9,1.459E-3
38.25E-9,1.494E-3
38.25E-9,1.569E-3
38.26E-9,1.708E-3
38.27E-9,1.828E-3
38.27E-9,1.901E-3
38.28E-9,1.894E-3
38.28E-9,1.822E-3
38.29E-9,1.712E-3
38.29E-9,1.563E-3
38.30E-9,1.420E-3
38.30E-9,1.301E-3
38.31E-9,1.197E-3
38.31E-9,1.090E-3
38.31E-9,1.021E-3
38.32E-9,958.7E-6
38.32E-9,894.6E-6
38.32E-9,828.1E-6
38.33E-9,755.2E-6
38.33E-9,687.4E-6
38.34E-9,621.1E-6
38.34E-9,569.2E-6
38.35E-9,519.4E-6
38.35E-9,481.8E-6
38.36E-9,451.5E-6
38.36E-9,422.7E-6
38.37E-9,401.6E-6
38.37E-9,382.0E-6
38.38E-9,351.8E-6
38.38E-9,323.9E-6
38.39E-9,297.0E-6
38.39E-9,282.2E-6
38.40E-9,274.4E-6
38.40E-9,270.1E-6
38.41E-9,271.1E-6
38.41E-9,273.2E-6
38.42E-9,270.6E-6
38.42E-9,266.0E-6
38.43E-9,264.1E-6
38.43E-9,268.3E-6
38.44E-9,274.5E-6
38.44E-9,279.3E-6
38.45E-9,284.3E-6
38.45E-9,293.3E-6
38.46E-9,301.9E-6
38.46E-9,305.3E-6
38.47E-9,310.9E-6
38.47E-9,324.6E-6
38.48E-9,347.0E-6
38.48E-9,361.6E-6
38.49E-9,372.9E-6
38.49E-9,386.5E-6
38.49E-9,405.6E-6
38.50E-9,422.9E-6
38.50E-9,447.2E-6
38.50E-9,469.2E-6
38.51E-9,495.2E-6
38.51E-9,516.5E-6
38.52E-9,537.2E-6
38.52E-9,558.5E-6
38.53E-9,580.9E-6
38.53E-9,605.1E-6
38.54E-9,637.3E-6
38.54E-9,686.2E-6
38.55E-9,749.8E-6
38.55E-9,836.6E-6
38.56E-9,930.2E-6
38.56E-9,1.015E-3
38.57E-9,1.135E-3
38.57E-9,1.265E-3
38.58E-9,1.415E-3
38.58E-9,1.553E-3
38.59E-9,1.731E-3
38.60E-9,1.838E-3
38.60E-9,1.905E-3
38.61E-9,1.904E-3
38.61E-9,1.857E-3
38.62E-9,1.772E-3
38.62E-9,1.668E-3
38.63E-9,1.618E-3
38.63E-9,1.580E-3
38.64E-9,1.520E-3
38.65E-9,1.454E-3
38.65E-9,1.421E-3
38.66E-9,1.436E-3
38.66E-9,1.451E-3
38.67E-9,1.426E-3
38.67E-9,1.366E-3
38.68E-9,1.285E-3
38.68E-9,1.171E-3
38.69E-9,1.058E-3
38.69E-9,936.8E-6
38.70E-9,806.9E-6
38.71E-9,643.9E-6
38.72E-9,470.4E-6
38.73E-9,284.1E-6
38.75E-9,154.8E-6
38.77E-9,70.54E-6
38.79E-9,31.18E-6
38.82E-9,14.07E-6
38.84E-9,7.910E-6
38.87E-9,5.647E-6
38.90E-9,4.821E-6
38.93E-9,4.510E-6
38.98E-9,4.364E-6
39.04E-9,4.255E-6
39.13E-9,4.150E-6
39.25E-9,4.037E-6
39.46E-9,3.916E-6
39.75E-9,3.814E-6
40.00E-9,3.759E-6
40.49E-9,3.698E-6
41.32E-9,3.633E-6
42.00E-9,3.604E-6
42.01E-9,47.32E-6
42.03E-9,463.4E-6
42.03E-9,645.8E-6
42.03E-9,934.2E-6
42.04E-9,1.078E-3
42.04E-9,1.201E-3
42.04E-9,1.262E-3
42.04E-9,1.311E-3
42.05E-9,1.344E-3
42.05E-9,1.364E-3
42.05E-9,1.382E-3
42.05E-9,1.355E-3
42.05E-9,1.332E-3
42.05E-9,1.312E-3
42.06E-9,1.287E-3
42.06E-9,1.281E-3
42.06E-9,1.281E-3
42.06E-9,1.278E-3
42.06E-9,1.263E-3
42.07E-9,1.243E-3
42.07E-9,1.224E-3
42.07E-9,1.207E-3
42.08E-9,1.189E-3
42.08E-9,1.171E-3
42.09E-9,1.166E-3
42.09E-9,1.187E-3
42.10E-9,1.219E-3
42.10E-9,1.257E-3
42.11E-9,1.295E-3
42.11E-9,1.324E-3
42.11E-9,1.362E-3
42.12E-9,1.391E-3
42.12E-9,1.426E-3
42.12E-9,1.452E-3
42.13E-9,1.475E-3
42.13E-9,1.492E-3
42.13E-9,1.507E-3
42.13E-9,1.522E-3
42.14E-9,1.539E-3
42.14E-9,1.559E-3
42.14E-9,1.586E-3
42.14E-9,1.616E-3
42.15E-9,1.647E-3
42.15E-9,1.694E-3
42.15E-9,1.731E-3
42.15E-9,1.766E-3
42.16E-9,1.799E-3
42.16E-9,1.822E-3
42.16E-9,1.846E-3
42.17E-9,1.869E-3
42.17E-9,1.886E-3
42.17E-9,1.899E-3
42.17E-9,1.910E-3
42.18E-9,1.924E-3
42.18E-9,1.941E-3
42.18E-9,1.972E-3
42.18E-9,2.009E-3
42.19E-9,2.057E-3
42.19E-9,2.137E-3
42.19E-9,2.207E-3
42.19E-9,2.284E-3
42.20E-9,2.370E-3
42.20E-9,2.452E-3
42.20E-9,2.543E-3
42.20E-9,2.623E-3
42.21E-9,2.708E-3
42.21E-9,2.808E-3
42.21E-9,2.892E-3
42.22E-9,2.990E-3
42.22E-9,3.090E-3
42.22E-9,3.175E-3
42.23E-9,3.275E-3
42.23E-9,3.430E-3
42.24E-9,3.589E-3
42.24E-9,3.775E-3
42.25E-9,3.964E-3
42.25E-9,4.142E-3
42.26E-9,4.291E-3
42.26E-9,4.441E-3
42.27E-9,4.551E-3
42.27E-9,4.623E-3
42.27E-9,4.625E-3
42.28E-9,4.599E-3
42.28E-9,4.556E-3
42.28E-9,4.489E-3
42.28E-9,4.401E-3
42.29E-9,4.275E-3
42.29E-9,4.090E-3
42.30E-9,3.827E-3
42.30E-9,3.670E-3
42.30E-9,3.502E-3
42.30E-9,3.365E-3
42.31E-9,3.240E-3
42.31E-9,3.093E-3
42.31E-9,2.964E-3
42.32E-9,2.818E-3
42.32E-9,2.642E-3
42.33E-9,2.450E-3
42.33E-9,2.303E-3
42.34E-9,2.210E-3
42.34E-9,2.142E-3
42.34E-9,2.086E-3
42.35E-9,2.034E-3
42.35E-9,1.962E-3
42.35E-9,1.905E-3
42.36E-9,1.839E-3
42.36E-9,1.796E-3
42.36E-9,1.754E-3
42.37E-9,1.709E-3
42.37E-9,1.666E-3
42.37E-9,1.620E-3
42.37E-9,1.580E-3
42.38E-9,1.528E-3
42.38E-9,1.481E-3
42.38E-9,1.454E-3
42.39E-9,1.430E-3
42.39E-9,1.391E-3
42.39E-9,1.351E-3
42.39E-9,1.312E-3
42.40E-9,1.285E-3
42.40E-9,1.263E-3
42.40E-9,1.250E-3
42.40E-9,1.242E-3
42.41E-9,1.238E-3
42.41E-9,1.241E-3
42.41E-9,1.253E-3
42.41E-9,1.280E-3
42.42E-9,1.309E-3
42.42E-9,1.342E-3
42.42E-9,1.375E-3
42.43E-9,1.408E-3
42.43E-9,1.446E-3
42.43E-9,1.480E-3
42.43E-9,1.510E-3
42.44E-9,1.531E-3
42.44E-9,1.539E-3
42.44E-9,1.533E-3
42.45E-9,1.510E-3
42.45E-9,1.480E-3
42.45E-9,1.437E-3
42.46E-9,1.392E-3
42.46E-9,1.343E-3
42.46E-9,1.308E-3
42.47E-9,1.273E-3
42.47E-9,1.246E-3
42.47E-9,1.210E-3
42.48E-9,1.147E-3
42.48E-9,1.098E-3
42.48E-9,1.049E-3
42.49E-9,998.1E-6
42.49E-9,943.2E-6
42.50E-9,899.9E-6
42.50E-9,856.7E-6
42.51E-9,840.4E-6
42.51E-9,837.7E-6
42.52E-9,834.5E-6
42.52E-9,829.1E-6
42.53E-9,822.2E-6
42.53E-9,815.0E-6
42.53E-9,809.0E-6
42.54E-9,803.0E-6
42.54E-9,798.1E-6
42.55E-9,794.8E-6
42.55E-9,795.3E-6
42.56E-9,814.4E-6
42.57E-9,880.5E-6
42.57E-9,986.7E-6
42.58E-9,1.130E-3
42.59E-9,1.234E-3
42.59E-9,1.298E-3
42.60E-9,1.382E-3
42.61E-9,1.610E-3
42.62E-9,1.888E-3
42.62E-9,2.131E-3
42.63E-9,2.278E-3
42.63E-9,2.397E-3
42.64E-9,2.464E-3
42.64E-9,2.503E-3
42.65E-9,2.527E-3
42.65E-9,2.525E-3
42.65E-9,2.505E-3
42.66E-9,2.478E-3
42.66E-9,2.446E-3
42.67E-9,2.426E-3
42.67E-9,2.398E-3
42.68E-9,2.348E-3
42.69E-9,2.267E-3
42.69E-9,2.142E-3
42.70E-9,2.024E-3
42.70E-9,1.898E-3
42.70E-9,1.813E-3
42.71E-9,1.728E-3
42.71E-9,1.666E-3
42.72E-9,1.591E-3
42.72E-9,1.525E-3
42.72E-9,1.459E-3
42.73E-9,1.405E-3
42.73E-9,1.349E-3
42.73E-9,1.297E-3
42.73E-9,1.248E-3
42.74E-9,1.201E-3
42.74E-9,1.173E-3
42.74E-9,1.152E-3
42.74E-9,1.138E-3
42.75E-9,1.133E-3
42.75E-9,1.132E-3
42.76E-9,1.131E-3
42.76E-9,1.129E-3
42.77E-9,1.127E-3
42.77E-9,1.120E-3
42.78E-9,1.103E-3
42.79E-9,1.071E-3
42.79E-9,1.051E-3
42.80E-9,1.096E-3
42.81E-9,1.197E-3
42.81E-9,1.278E-3
42.82E-9,1.348E-3
42.82E-9,1.384E-3
42.83E-9,1.376E-3
42.83E-9,1.324E-3
42.83E-9,1.282E-3
42.84E-9,1.253E-3
42.84E-9,1.243E-3
42.84E-9,1.256E-3
42.85E-9,1.295E-3
42.85E-9,1.339E-3
42.85E-9,1.390E-3
42.86E-9,1.417E-3
42.86E-9,1.400E-3
42.87E-9,1.346E-3
42.87E-9,1.239E-3
42.88E-9,1.131E-3
42.88E-9,1.019E-3
42.89E-9,894.3E-6
42.90E-9,741.4E-6
42.91E-9,600.6E-6
42.92E-9,495.8E-6
42.93E-9,424.9E-6
42.94E-9,376.6E-6
42.95E-9,339.4E-6
42.96E-9,330.8E-6
42.97E-9,323.6E-6
42.97E-9,315.4E-6
42.98E-9,316.0E-6
42.98E-9,321.4E-6
42.99E-9,322.2E-6
42.99E-9,319.2E-6
42.99E-9,315.5E-6
42.99E-9,312.3E-6
43.00E-9,310.3E-6
43.00E-9,308.3E-6
43.00E-9,306.1E-6
43.01E-9,303.5E-6
43.01E-9,301.1E-6
43.02E-9,302.3E-6
43.02E-9,310.0E-6
43.03E-9,317.4E-6
43.04E-9,319.7E-6
43.05E-9,318.9E-6
43.06E-9,320.6E-6
43.07E-9,343.1E-6
43.08E-9,386.0E-6
43.09E-9,417.3E-6
43.10E-9,426.0E-6
43.11E-9,506.3E-6
43.11E-9,627.7E-6
43.12E-9,702.6E-6
43.13E-9,717.3E-6
43.13E-9,699.4E-6
43.14E-9,651.4E-6
43.14E-9,605.8E-6
43.15E-9,553.0E-6
43.16E-9,493.0E-6
43.17E-9,414.9E-6
43.18E-9,338.2E-6
43.20E-9,289.0E-6
43.22E-9,268.8E-6
43.24E-9,263.0E-6
43.26E-9,261.1E-6
43.28E-9,260.5E-6
43.31E-9,260.3E-6
43.34E-9,260.3E-6
43.38E-9,260.2E-6
43.43E-9,260.2E-6
43.51E-9,260.2E-6
43.63E-9,260.1E-6
43.84E-9,260.1E-6
44.00E-9,260.0E-6
44.32E-9,260.0E-6
44.87E-9,259.9E-6
45.35E-9,259.9E-6
46.00E-9,259.8E-6
46.01E-9,302.6E-6
46.03E-9,805.1E-6
46.03E-9,1.015E-3
46.03E-9,1.298E-3
46.04E-9,1.406E-3
46.04E-9,1.516E-3
46.04E-9,1.584E-3
46.04E-9,1.648E-3
46.05E-9,1.690E-3
46.05E-9,1.719E-3
46.05E-9,1.746E-3
46.05E-9,1.728E-3
46.05E-9,1.709E-3
46.05E-9,1.690E-3
46.05E-9,1.651E-3
46.06E-9,1.604E-3
46.06E-9,1.554E-3
46.06E-9,1.534E-3
46.06E-9,1.534E-3
46.06E-9,1.549E-3
46.07E-9,1.564E-3
46.07E-9,1.578E-3
46.07E-9,1.588E-3
46.08E-9,1.594E-3
46.08E-9,1.599E-3
46.08E-9,1.606E-3
46.09E-9,1.619E-3
46.09E-9,1.635E-3
46.10E-9,1.651E-3
46.10E-9,1.664E-3
46.11E-9,1.677E-3
46.11E-9,1.687E-3
46.11E-9,1.704E-3
46.12E-9,1.722E-3
46.12E-9,1.753E-3
46.12E-9,1.776E-3
46.13E-9,1.802E-3
46.13E-9,1.824E-3
46.13E-9,1.839E-3
46.14E-9,1.856E-3
46.14E-9,1.879E-3
46.15E-9,1.907E-3
46.15E-9,1.941E-3
46.15E-9,1.973E-3
46.16E-9,2.012E-3
46.16E-9,2.057E-3
46.16E-9,2.110E-3
46.17E-9,2.153E-3
46.17E-9,2.191E-3
46.17E-9,2.230E-3
46.18E-9,2.278E-3
46.18E-9,2.328E-3
46.18E-9,2.389E-3
46.19E-9,2.489E-3
46.19E-9,2.595E-3
46.19E-9,2.709E-3
46.20E-9,2.846E-3
46.20E-9,3.056E-3
46.21E-9,3.239E-3
46.21E-9,3.450E-3
46.22E-9,3.628E-3
46.22E-9,3.738E-3
46.23E-9,3.776E-3
46.23E-9,3.803E-3
46.24E-9,3.875E-3
46.24E-9,4.002E-3
46.25E-9,4.122E-3
46.25E-9,4.204E-3
46.26E-9,4.231E-3
46.26E-9,4.226E-3
46.27E-9,4.198E-3
46.27E-9,4.178E-3
46.28E-9,4.177E-3
46.28E-9,4.167E-3
46.29E-9,4.111E-3
46.29E-9,4.007E-3
46.30E-9,3.843E-3
46.30E-9,3.651E-3
46.31E-9,3.403E-3
46.31E-9,3.155E-3
46.32E-9,2.925E-3
46.33E-9,2.697E-3
46.33E-9,2.506E-3
46.34E-9,2.341E-3
46.34E-9,2.205E-3
46.35E-9,2.108E-3
46.35E-9,2.049E-3
46.36E-9,2.019E-3
46.36E-9,2.011E-3
46.37E-9,2.039E-3
46.37E-9,2.098E-3
46.38E-9,2.183E-3
46.38E-9,2.247E-3
46.39E-9,2.258E-3
46.39E-9,2.216E-3
46.39E-9,2.142E-3
46.40E-9,2.071E-3
46.40E-9,2.023E-3
46.41E-9,2.001E-3
46.41E-9,1.999E-3
46.42E-9,2.001E-3
46.42E-9,1.991E-3
46.43E-9,1.965E-3
46.43E-9,1.924E-3
46.44E-9,1.876E-3
46.44E-9,1.816E-3
46.44E-9,1.757E-3
46.45E-9,1.711E-3
46.45E-9,1.686E-3
46.46E-9,1.691E-3
46.46E-9,1.710E-3
46.46E-9,1.746E-3
46.47E-9,1.798E-3
46.47E-9,1.838E-3
46.48E-9,1.876E-3
46.48E-9,1.884E-3
46.48E-9,1.867E-3
46.49E-9,1.824E-3
46.49E-9,1.778E-3
46.49E-9,1.748E-3
46.50E-9,1.732E-3
46.50E-9,1.720E-3
46.51E-9,1.703E-3
46.51E-9,1.677E-3
46.51E-9,1.642E-3
46.52E-9,1.589E-3
46.52E-9,1.536E-3
46.53E-9,1.502E-3
46.53E-9,1.468E-3
46.54E-9,1.417E-3
46.54E-9,1.376E-3
46.55E-9,1.369E-3
46.55E-9,1.384E-3
46.56E-9,1.404E-3
46.56E-9,1.422E-3
46.57E-9,1.434E-3
46.57E-9,1.440E-3
46.57E-9,1.439E-3
46.58E-9,1.439E-3
46.58E-9,1.440E-3
46.59E-9,1.444E-3
46.59E-9,1.451E-3
46.59E-9,1.458E-3
46.60E-9,1.468E-3
46.60E-9,1.479E-3
46.60E-9,1.495E-3
46.61E-9,1.506E-3
46.61E-9,1.513E-3
46.62E-9,1.514E-3
46.62E-9,1.524E-3
46.62E-9,1.541E-3
46.63E-9,1.570E-3
46.63E-9,1.609E-3
46.64E-9,1.660E-3
46.64E-9,1.741E-3
46.65E-9,1.825E-3
46.65E-9,1.886E-3
46.65E-9,1.924E-3
46.66E-9,1.933E-3
46.66E-9,1.922E-3
46.67E-9,1.907E-3
46.67E-9,1.900E-3
46.68E-9,1.883E-3
46.68E-9,1.827E-3
46.69E-9,1.746E-3
46.69E-9,1.655E-3
46.70E-9,1.551E-3
46.70E-9,1.461E-3
46.71E-9,1.398E-3
46.71E-9,1.360E-3
46.72E-9,1.352E-3
46.72E-9,1.362E-3
46.72E-9,1.376E-3
46.73E-9,1.375E-3
46.73E-9,1.361E-3
46.74E-9,1.341E-3
46.74E-9,1.339E-3
46.74E-9,1.379E-3
46.75E-9,1.451E-3
46.76E-9,1.537E-3
46.76E-9,1.597E-3
46.77E-9,1.636E-3
46.77E-9,1.678E-3
46.78E-9,1.731E-3
46.78E-9,1.778E-3
46.79E-9,1.794E-3
46.79E-9,1.780E-3
46.79E-9,1.751E-3
46.80E-9,1.720E-3
46.81E-9,1.685E-3
46.81E-9,1.636E-3
46.82E-9,1.571E-3
46.82E-9,1.498E-3
46.83E-9,1.434E-3
46.83E-9,1.404E-3
46.84E-9,1.382E-3
46.84E-9,1.352E-3
46.85E-9,1.316E-3
46.85E-9,1.284E-3
46.86E-9,1.279E-3
46.86E-9,1.300E-3
46.87E-9,1.313E-3
46.87E-9,1.294E-3
46.88E-9,1.238E-3
46.88E-9,1.166E-3
46.89E-9,1.071E-3
46.90E-9,961.0E-6
46.90E-9,860.5E-6
46.91E-9,760.0E-6
46.92E-9,669.0E-6
46.92E-9,600.9E-6
46.93E-9,531.6E-6
46.94E-9,490.9E-6
46.94E-9,530.8E-6
46.95E-9,562.1E-6
46.95E-9,567.9E-6
46.96E-9,554.7E-6
46.96E-9,523.0E-6
46.97E-9,466.7E-6
46.97E-9,415.6E-6
46.98E-9,357.0E-6
46.99E-9,293.3E-6
47.00E-9,213.3E-6
47.01E-9,133.9E-6
47.02E-9,76.50E-6
47.04E-9,39.73E-6
47.06E-9,19.44E-6
47.09E-9,10.34E-6
47.11E-9,6.800E-6
47.14E-9,5.462E-6
47.16E-9,4.955E-6
47.20E-9,4.737E-6
47.24E-9,4.603E-6
47.30E-9,4.484E-6
47.37E-9,4.362E-6
47.48E-9,4.230E-6
47.66E-9,4.082E-6
47.83E-9,3.989E-6
48.00E-9,3.922E-6
48.34E-9,3.838E-6
49.01E-9,3.733E-6
49.59E-9,3.684E-6
50.00E-9,3.660E-6
50.01E-9,44.05E-6
50.03E-9,470.4E-6
50.03E-9,669.4E-6
50.03E-9,945.3E-6
50.04E-9,1.075E-3
50.04E-9,1.153E-3
50.04E-9,1.213E-3
50.04E-9,1.262E-3
50.05E-9,1.300E-3
50.05E-9,1.335E-3
50.05E-9,1.362E-3
50.05E-9,1.342E-3
50.05E-9,1.325E-3
50.05E-9,1.310E-3
50.06E-9,1.292E-3
50.06E-9,1.282E-3
50.06E-9,1.272E-3
50.06E-9,1.260E-3
50.06E-9,1.243E-3
50.06E-9,1.218E-3
50.07E-9,1.200E-3
50.07E-9,1.183E-3
50.07E-9,1.168E-3
50.07E-9,1.157E-3
50.08E-9,1.151E-3
50.08E-9,1.150E-3
50.09E-9,1.160E-3
50.09E-9,1.184E-3
50.10E-9,1.222E-3
50.10E-9,1.261E-3
50.10E-9,1.295E-3
50.11E-9,1.323E-3
50.11E-9,1.351E-3
50.11E-9,1.375E-3
50.12E-9,1.409E-3
50.12E-9,1.438E-3
50.12E-9,1.469E-3
50.13E-9,1.499E-3
50.13E-9,1.521E-3
50.13E-9,1.542E-3
50.14E-9,1.559E-3
50.14E-9,1.567E-3
50.14E-9,1.579E-3
50.15E-9,1.591E-3
50.15E-9,1.606E-3
50.15E-9,1.622E-3
50.15E-9,1.639E-3
50.16E-9,1.656E-3
50.16E-9,1.675E-3
50.16E-9,1.695E-3
50.16E-9,1.720E-3
50.17E-9,1.739E-3
50.17E-9,1.760E-3
50.17E-9,1.780E-3
50.18E-9,1.808E-3
50.18E-9,1.840E-3
50.18E-9,1.879E-3
50.18E-9,1.921E-3
50.19E-9,1.968E-3
50.19E-9,1.999E-3
50.19E-9,2.028E-3
50.20E-9,2.074E-3
50.20E-9,2.121E-3
50.20E-9,2.183E-3
50.20E-9,2.258E-3
50.21E-9,2.363E-3
50.21E-9,2.473E-3
50.21E-9,2.629E-3
50.21E-9,2.746E-3
50.22E-9,2.869E-3
50.22E-9,3.009E-3
50.22E-9,3.131E-3
50.23E-9,3.267E-3
50.23E-9,3.431E-3
50.24E-9,3.597E-3
50.24E-9,3.718E-3
50.24E-9,3.774E-3
50.25E-9,3.803E-3
50.25E-9,3.818E-3
50.25E-9,3.839E-3
50.26E-9,3.870E-3
50.26E-9,3.904E-3
50.26E-9,3.954E-3
50.27E-9,3.984E-3
50.27E-9,3.977E-3
50.28E-9,3.907E-3
50.28E-9,3.811E-3
50.29E-9,3.705E-3
50.29E-9,3.625E-3
50.30E-9,3.551E-3
50.30E-9,3.457E-3
50.31E-9,3.365E-3
50.31E-9,3.287E-3
50.31E-9,3.180E-3
50.32E-9,3.083E-3
50.32E-9,2.955E-3
50.32E-9,2.778E-3
50.33E-9,2.618E-3
50.33E-9,2.459E-3
50.34E-9,2.317E-3
50.34E-9,2.211E-3
50.35E-9,2.127E-3
50.35E-9,2.054E-3
50.35E-9,2.000E-3
50.35E-9,1.945E-3
50.36E-9,1.888E-3
50.36E-9,1.837E-3
50.36E-9,1.786E-3
50.36E-9,1.739E-3
50.37E-9,1.680E-3
50.37E-9,1.623E-3
50.37E-9,1.568E-3
50.38E-9,1.511E-3
50.38E-9,1.476E-3
50.38E-9,1.442E-3
50.38E-9,1.403E-3
50.39E-9,1.369E-3
50.39E-9,1.324E-3
50.39E-9,1.290E-3
50.40E-9,1.268E-3
50.40E-9,1.259E-3
50.40E-9,1.250E-3
50.41E-9,1.247E-3
50.41E-9,1.247E-3
50.41E-9,1.247E-3
50.42E-9,1.249E-3
50.42E-9,1.251E-3
50.42E-9,1.250E-3
50.42E-9,1.246E-3
50.42E-9,1.237E-3
50.43E-9,1.224E-3
50.43E-9,1.218E-3
50.43E-9,1.217E-3
50.44E-9,1.226E-3
50.44E-9,1.242E-3
50.44E-9,1.261E-3
50.45E-9,1.285E-3
50.45E-9,1.308E-3
50.45E-9,1.323E-3
50.46E-9,1.330E-3
50.46E-9,1.322E-3
50.46E-9,1.301E-3
50.47E-9,1.280E-3
50.48E-9,1.276E-3
50.48E-9,1.293E-3
50.49E-9,1.307E-3
50.50E-9,1.284E-3
50.50E-9,1.227E-3
50.51E-9,1.185E-3
50.52E-9,1.191E-3
50.52E-9,1.235E-3
50.53E-9,1.292E-3
50.53E-9,1.363E-3
50.54E-9,1.433E-3
50.54E-9,1.471E-3
50.55E-9,1.499E-3
50.55E-9,1.514E-3
50.55E-9,1.551E-3
50.56E-9,1.616E-3
50.56E-9,1.776E-3
50.56E-9,1.956E-3
50.57E-9,2.180E-3
50.57E-9,2.370E-3
50.58E-9,2.537E-3
50.58E-9,2.648E-3
50.59E-9,2.721E-3
50.59E-9,2.732E-3
50.60E-9,2.683E-3
50.60E-9,2.600E-3
50.61E-9,2.502E-3
50.61E-9,2.420E-3
50.62E-9,2.389E-3
50.63E-9,2.372E-3
50.63E-9,2.366E-3
50.63E-9,2.368E-3
50.64E-9,2.375E-3
50.64E-9,2.384E-3
50.64E-9,2.385E-3
50.65E-9,2.366E-3
50.65E-9,2.319E-3
50.66E-9,2.245E-3
50.66E-9,2.124E-3
50.67E-9,2.005E-3
50.67E-9,1.914E-3
50.67E-9,1.832E-3
50.68E-9,1.733E-3
50.68E-9,1.650E-3
50.68E-9,1.553E-3
50.69E-9,1.449E-3
50.69E-9,1.356E-3
50.69E-9,1.254E-3
50.70E-9,1.172E-3
50.70E-9,1.068E-3
50.71E-9,1.010E-3
50.71E-9,948.4E-6
50.71E-9,899.2E-6
50.72E-9,847.9E-6
50.72E-9,797.1E-6
50.72E-9,742.5E-6
50.73E-9,683.2E-6
50.74E-9,638.0E-6
50.75E-9,641.9E-6
50.75E-9,658.3E-6
50.76E-9,667.7E-6
50.77E-9,713.8E-6
50.78E-9,810.6E-6
50.78E-9,975.2E-6
50.79E-9,1.095E-3
50.80E-9,1.156E-3
50.80E-9,1.174E-3
50.80E-9,1.157E-3
50.81E-9,1.113E-3
50.82E-9,1.091E-3
50.82E-9,1.097E-3
50.83E-9,1.104E-3
50.83E-9,1.107E-3
50.84E-9,1.117E-3
50.84E-9,1.125E-3
50.85E-9,1.113E-3
50.85E-9,1.075E-3
50.86E-9,1.008E-3
50.86E-9,922.3E-6
50.87E-9,780.5E-6
50.88E-9,684.6E-6
50.89E-9,586.2E-6
50.89E-9,500.3E-6
50.90E-9,423.5E-6
50.91E-9,359.8E-6
50.91E-9,323.8E-6
50.92E-9,305.5E-6
50.93E-9,287.6E-6
50.93E-9,268.8E-6
50.94E-9,250.2E-6
50.95E-9,237.9E-6
50.95E-9,244.5E-6
50.96E-9,273.0E-6
50.97E-9,302.7E-6
50.98E-9,314.5E-6
50.98E-9,321.6E-6
50.99E-9,409.4E-6
51.00E-9,485.2E-6
51.01E-9,520.2E-6
51.01E-9,532.0E-6
51.02E-9,523.3E-6
51.02E-9,490.4E-6
51.03E-9,461.1E-6
51.04E-9,426.2E-6
51.04E-9,387.7E-6
51.05E-9,327.3E-6
51.07E-9,257.2E-6
51.09E-9,198.3E-6
51.11E-9,162.3E-6
51.13E-9,145.9E-6
51.15E-9,141.4E-6
51.18E-9,139.9E-6
51.20E-9,139.5E-6
51.23E-9,139.3E-6
51.27E-9,139.3E-6
51.32E-9,139.2E-6
51.38E-9,139.1E-6
51.47E-9,139.1E-6
51.62E-9,139.0E-6
51.81E-9,138.9E-6
52.00E-9,138.8E-6
52.07E-9,138.8E-6
52.20E-9,138.8E-6
52.37E-9,138.8E-6
52.71E-9,138.7E-6
53.02E-9,138.7E-6
53.54E-9,138.7E-6
54.00E-9,138.6E-6
54.00E-9,153.9E-6
54.01E-9,179.3E-6
54.01E-9,192.1E-6
54.02E-9,291.6E-6
54.02E-9,492.2E-6
54.03E-9,738.2E-6
54.03E-9,945.4E-6
54.03E-9,1.161E-3
54.03E-9,1.241E-3
54.04E-9,1.323E-3
54.04E-9,1.385E-3
54.04E-9,1.435E-3
54.04E-9,1.469E-3
54.04E-9,1.488E-3
54.05E-9,1.486E-3
54.05E-9,1.464E-3
54.05E-9,1.431E-3
54.05E-9,1.383E-3
54.05E-9,1.330E-3
54.05E-9,1.287E-3
54.06E-9,1.231E-3
54.06E-9,1.186E-3
54.06E-9,1.140E-3
54.06E-9,1.103E-3
54.06E-9,1.068E-3
54.06E-9,1.030E-3
54.06E-9,979.8E-6
54.07E-9,944.8E-6
54.07E-9,911.4E-6
54.07E-9,880.3E-6
54.07E-9,857.7E-6
54.08E-9,842.7E-6
54.08E-9,830.8E-6
54.08E-9,819.3E-6
54.09E-9,809.4E-6
54.09E-9,808.8E-6
54.10E-9,819.7E-6
54.10E-9,834.4E-6
54.11E-9,841.8E-6
54.11E-9,841.4E-6
54.11E-9,840.5E-6
54.12E-9,838.9E-6
54.12E-9,838.7E-6
54.12E-9,840.2E-6
54.12E-9,842.1E-6
54.13E-9,844.8E-6
54.13E-9,848.2E-6
54.13E-9,855.0E-6
54.14E-9,864.1E-6
54.14E-9,879.3E-6
54.15E-9,897.6E-6
54.15E-9,921.5E-6
54.15E-9,947.9E-6
54.16E-9,965.5E-6
54.16E-9,979.4E-6
54.16E-9,981.9E-6
54.17E-9,982.6E-6
54.17E-9,981.5E-6
54.17E-9,978.1E-6
54.18E-9,973.9E-6
54.18E-9,971.6E-6
54.18E-9,973.6E-6
54.18E-9,979.0E-6
54.19E-9,989.5E-6
54.19E-9,1.002E-3
54.19E-9,1.020E-3
54.19E-9,1.041E-3
54.20E-9,1.064E-3
54.20E-9,1.092E-3
54.20E-9,1.121E-3
54.21E-9,1.151E-3
54.21E-9,1.182E-3
54.21E-9,1.208E-3
54.22E-9,1.238E-3
54.22E-9,1.279E-3
54.22E-9,1.320E-3
54.22E-9,1.369E-3
54.23E-9,1.434E-3
54.23E-9,1.495E-3
54.24E-9,1.592E-3
54.24E-9,1.739E-3
54.25E-9,1.895E-3
54.25E-9,2.003E-3
54.25E-9,2.088E-3
54.26E-9,2.154E-3
54.26E-9,2.183E-3
54.27E-9,2.194E-3
54.27E-9,2.184E-3
54.28E-9,2.143E-3
54.28E-9,2.094E-3
54.28E-9,2.047E-3
54.28E-9,1.990E-3
54.29E-9,1.930E-3
54.29E-9,1.841E-3
54.29E-9,1.766E-3
54.30E-9,1.670E-3
54.30E-9,1.548E-3
54.31E-9,1.398E-3
54.32E-9,1.274E-3
54.32E-9,1.150E-3
54.33E-9,1.015E-3
54.34E-9,901.7E-6
54.34E-9,828.0E-6
54.35E-9,793.5E-6
54.36E-9,761.0E-6
54.37E-9,724.9E-6
54.37E-9,709.4E-6
54.38E-9,726.8E-6
54.38E-9,773.2E-6
54.38E-9,831.9E-6
54.39E-9,887.4E-6
54.39E-9,922.0E-6
54.40E-9,931.7E-6
54.40E-9,917.3E-6
54.41E-9,887.9E-6
54.41E-9,851.8E-6
54.42E-9,817.4E-6
54.43E-9,779.3E-6
54.43E-9,745.7E-6
54.44E-9,703.4E-6
54.44E-9,679.0E-6
54.44E-9,653.2E-6
54.44E-9,633.8E-6
54.45E-9,614.0E-6
54.45E-9,598.0E-6
54.45E-9,584.7E-6
54.46E-9,582.5E-6
54.47E-9,619.7E-6
54.47E-9,677.9E-6
54.48E-9,732.2E-6
54.49E-9,759.6E-6
54.50E-9,847.1E-6
54.50E-9,1.033E-3
54.51E-9,1.232E-3
54.51E-9,1.354E-3
54.52E-9,1.404E-3
54.52E-9,1.422E-3
54.53E-9,1.419E-3
54.53E-9,1.394E-3
54.54E-9,1.355E-3
54.55E-9,1.340E-3
54.55E-9,1.409E-3
54.56E-9,1.531E-3
54.57E-9,1.695E-3
54.57E-9,1.802E-3
54.58E-9,1.863E-3
54.58E-9,1.857E-3
54.59E-9,1.794E-3
54.59E-9,1.691E-3
54.60E-9,1.539E-3
54.60E-9,1.380E-3
54.61E-9,1.219E-3
54.62E-9,1.040E-3
54.62E-9,829.8E-6
54.64E-9,596.9E-6
54.65E-9,392.5E-6
54.67E-9,272.4E-6
54.69E-9,226.3E-6
54.71E-9,210.1E-6
54.73E-9,204.5E-6
54.76E-9,202.6E-6
54.79E-9,201.9E-6
54.82E-9,201.7E-6
54.86E-9,201.6E-6
54.92E-9,201.5E-6
55.00E-9,201.4E-6
55.12E-9,201.3E-6
55.33E-9,201.3E-6
55.61E-9,201.2E-6
55.80E-9,201.1E-6
56.00E-9,201.1E-6
56.39E-9,201.1E-6
57.07E-9,201.0E-6
57.53E-9,201.0E-6
58.00E-9,201.0E-6
58.00E-9,218.0E-6
58.01E-9,246.4E-6
58.01E-9,259.1E-6
58.02E-9,365.0E-6
58.02E-9,570.8E-6
58.03E-9,877.1E-6
58.03E-9,1.128E-3
58.03E-9,1.375E-3
58.04E-9,1.529E-3
58.04E-9,1.620E-3
58.04E-9,1.673E-3
58.05E-9,1.713E-3
58.05E-9,1.727E-3
58.05E-9,1.730E-3
58.05E-9,1.689E-3
58.05E-9,1.644E-3
58.05E-9,1.604E-3
58.06E-9,1.550E-3
58.06E-9,1.501E-3
58.06E-9,1.454E-3
58.06E-9,1.439E-3
58.06E-9,1.435E-3
58.07E-9,1.438E-3
58.07E-9,1.440E-3
58.07E-9,1.441E-3
58.07E-9,1.441E-3
58.08E-9,1.443E-3
58.08E-9,1.446E-3
58.08E-9,1.444E-3
58.09E-9,1.437E-3
58.09E-9,1.439E-3
58.09E-9,1.445E-3
58.10E-9,1.454E-3
58.10E-9,1.467E-3
58.10E-9,1.483E-3
58.11E-9,1.512E-3
58.11E-9,1.550E-3
58.12E-9,1.589E-3
58.12E-9,1.630E-3
58.12E-9,1.675E-3
58.13E-9,1.725E-3
58.13E-9,1.776E-3
58.13E-9,1.818E-3
58.14E-9,1.853E-3
58.14E-9,1.872E-3
58.15E-9,1.885E-3
58.15E-9,1.902E-3
58.15E-9,1.922E-3
58.16E-9,1.946E-3
58.16E-9,1.972E-3
58.16E-9,1.996E-3
58.17E-9,2.022E-3
58.17E-9,2.055E-3
58.17E-9,2.091E-3
58.18E-9,2.149E-3
58.18E-9,2.203E-3
58.18E-9,2.262E-3
58.19E-9,2.329E-3
58.19E-9,2.396E-3
58.19E-9,2.476E-3
58.20E-9,2.577E-3
58.20E-9,2.714E-3
58.21E-9,2.901E-3
58.21E-9,3.118E-3
58.22E-9,3.306E-3
58.22E-9,3.481E-3
58.23E-9,3.657E-3
58.23E-9,3.860E-3
58.24E-9,4.063E-3
58.24E-9,4.160E-3
58.25E-9,4.258E-3
58.25E-9,4.316E-3
58.25E-9,4.362E-3
58.25E-9,4.377E-3
58.26E-9,4.374E-3
58.26E-9,4.348E-3
58.27E-9,4.309E-3
58.27E-9,4.260E-3
58.28E-9,4.226E-3
58.28E-9,4.215E-3
58.29E-9,4.213E-3
58.29E-9,4.208E-3
58.30E-9,4.169E-3
58.30E-9,4.079E-3
58.30E-9,3.924E-3
58.31E-9,3.737E-3
58.31E-9,3.492E-3
58.32E-9,3.272E-3
58.32E-9,3.066E-3
58.33E-9,2.861E-3
58.33E-9,2.734E-3
58.33E-9,2.613E-3
58.34E-9,2.494E-3
58.34E-9,2.386E-3
58.34E-9,2.294E-3
58.35E-9,2.219E-3
58.35E-9,2.162E-3
58.35E-9,2.130E-3
58.36E-9,2.107E-3
58.36E-9,2.088E-3
58.36E-9,2.067E-3
58.37E-9,2.051E-3
58.37E-9,2.037E-3
58.38E-9,2.012E-3
58.38E-9,1.944E-3
58.39E-9,1.853E-3
58.39E-9,1.715E-3
58.40E-9,1.595E-3
58.41E-9,1.533E-3
58.41E-9,1.492E-3
58.42E-9,1.444E-3
58.42E-9,1.387E-3
58.43E-9,1.315E-3
58.43E-9,1.245E-3
58.44E-9,1.177E-3
58.44E-9,1.142E-3
58.45E-9,1.135E-3
58.45E-9,1.143E-3
58.46E-9,1.154E-3
58.46E-9,1.155E-3
58.47E-9,1.150E-3
58.47E-9,1.151E-3
58.47E-9,1.163E-3
58.48E-9,1.176E-3
58.48E-9,1.186E-3
58.49E-9,1.207E-3
58.49E-9,1.251E-3
58.50E-9,1.297E-3
58.51E-9,1.317E-3
58.51E-9,1.301E-3
58.52E-9,1.262E-3
58.52E-9,1.180E-3
58.53E-9,1.093E-3
58.54E-9,984.8E-6
58.54E-9,889.3E-6
58.55E-9,827.9E-6
58.55E-9,781.7E-6
58.55E-9,751.1E-6
58.56E-9,721.7E-6
58.56E-9,689.9E-6
58.57E-9,652.8E-6
58.57E-9,623.4E-6
58.57E-9,593.5E-6
58.58E-9,560.2E-6
58.59E-9,534.4E-6
58.59E-9,564.7E-6
58.60E-9,673.2E-6
58.60E-9,775.6E-6
58.61E-9,850.6E-6
58.61E-9,867.5E-6
58.62E-9,852.6E-6
58.63E-9,825.9E-6
58.63E-9,845.9E-6
58.64E-9,898.8E-6
58.64E-9,943.2E-6
58.65E-9,942.6E-6
58.65E-9,911.2E-6
58.66E-9,846.7E-6
58.67E-9,786.0E-6
58.67E-9,768.7E-6
58.68E-9,794.6E-6
58.69E-9,816.2E-6
58.69E-9,806.8E-6
58.70E-9,772.4E-6
58.70E-9,719.7E-6
58.71E-9,634.6E-6
58.71E-9,569.5E-6
58.72E-9,497.6E-6
58.73E-9,422.4E-6
58.74E-9,330.8E-6
58.75E-9,253.7E-6
58.77E-9,205.7E-6
58.79E-9,189.5E-6
58.81E-9,187.7E-6
58.83E-9,188.8E-6
58.85E-9,188.7E-6
58.87E-9,187.6E-6
58.88E-9,188.3E-6
58.90E-9,192.4E-6
58.91E-9,200.3E-6
58.92E-9,210.8E-6
58.93E-9,220.4E-6
58.94E-9,230.0E-6
58.95E-9,241.9E-6
58.96E-9,249.8E-6
58.97E-9,268.4E-6
58.98E-9,294.7E-6
58.99E-9,312.2E-6
58.99E-9,325.0E-6
59.00E-9,339.0E-6
59.01E-9,350.1E-6
59.01E-9,364.1E-6
59.02E-9,375.2E-6
59.02E-9,387.3E-6
59.02E-9,400.4E-6
59.03E-9,409.5E-6
59.03E-9,414.7E-6
59.04E-9,410.9E-6
59.04E-9,406.7E-6
59.04E-9,412.1E-6
59.05E-9,426.8E-6
59.05E-9,446.9E-6
59.06E-9,498.4E-6
59.06E-9,543.6E-6
59.07E-9,602.4E-6
59.07E-9,651.4E-6
59.08E-9,672.5E-6
59.09E-9,650.2E-6
59.09E-9,599.3E-6
59.10E-9,549.8E-6
59.10E-9,494.4E-6
59.11E-9,435.6E-6
59.12E-9,369.5E-6
59.12E-9,322.6E-6
59.13E-9,280.9E-6
59.13E-9,237.3E-6
59.14E-9,205.6E-6
59.15E-9,180.5E-6
59.15E-9,160.1E-6
59.16E-9,143.3E-6
59.18E-9,131.1E-6
59.19E-9,123.8E-6
59.21E-9,120.4E-6
59.23E-9,118.9E-6
59.26E-9,118.0E-6
59.29E-9,117.3E-6
59.32E-9,116.6E-6
59.37E-9,115.8E-6
59.44E-9,114.9E-6
59.55E-9,113.9E-6
59.67E-9,113.1E-6
59.83E-9,112.6E-6
60.00E-9,112.3E-6
60.32E-9,112.1E-6
60.73E-9,112.0E-6
61.16E-9,111.9E-6
62.00E-9,111.9E-6
62.01E-9,146.1E-6
62.03E-9,467.8E-6
62.03E-9,592.4E-6
62.03E-9,708.6E-6
62.04E-9,717.5E-6
62.04E-9,710.1E-6
62.04E-9,707.2E-6
62.04E-9,709.6E-6
62.04E-9,719.7E-6
62.05E-9,734.9E-6
62.05E-9,743.9E-6
62.05E-9,748.1E-6
62.05E-9,722.8E-6
62.05E-9,698.8E-6
62.05E-9,675.6E-6
62.05E-9,635.2E-6
62.06E-9,596.8E-6
62.06E-9,556.1E-6
62.06E-9,527.4E-6
62.06E-9,502.4E-6
62.06E-9,476.1E-6
62.06E-9,450.9E-6
62.07E-9,426.9E-6
62.07E-9,402.5E-6
62.07E-9,379.0E-6
62.08E-9,358.5E-6
62.08E-9,341.4E-6
62.09E-9,328.3E-6
62.10E-9,318.0E-6
62.11E-9,312.7E-6
62.11E-9,319.9E-6
62.12E-9,343.4E-6
62.13E-9,375.2E-6
62.14E-9,407.1E-6
62.15E-9,423.5E-6
62.16E-9,431.4E-6
62.16E-9,437.6E-6
62.17E-9,442.1E-6
62.17E-9,449.6E-6
62.18E-9,462.7E-6
62.18E-9,473.2E-6
62.18E-9,485.6E-6
62.19E-9,507.8E-6
62.19E-9,526.8E-6
62.19E-9,547.9E-6
62.20E-9,564.2E-6
62.20E-9,581.3E-6
62.20E-9,595.8E-6
62.21E-9,617.8E-6
62.21E-9,630.8E-6
62.22E-9,653.6E-6
62.23E-9,688.9E-6
62.23E-9,747.3E-6
62.24E-9,847.8E-6
62.25E-9,959.1E-6
62.26E-9,1.107E-3
62.27E-9,1.266E-3
62.27E-9,1.467E-3
62.28E-9,1.688E-3
62.29E-9,1.831E-3
62.29E-9,1.938E-3
62.30E-9,1.970E-3
62.30E-9,1.950E-3
62.31E-9,1.895E-3
62.31E-9,1.814E-3
62.32E-9,1.713E-3
62.32E-9,1.605E-3
62.33E-9,1.491E-3
62.33E-9,1.372E-3
62.34E-9,1.246E-3
62.35E-9,1.132E-3
62.36E-9,1.030E-3
62.36E-9,955.8E-6
62.37E-9,900.4E-6
62.37E-9,866.0E-6
62.38E-9,830.7E-6
62.38E-9,769.4E-6
62.39E-9,719.1E-6
62.39E-9,669.5E-6
62.40E-9,625.0E-6
62.40E-9,579.8E-6
62.41E-9,541.0E-6
62.41E-9,506.5E-6
62.42E-9,476.1E-6
62.42E-9,456.5E-6
62.43E-9,443.5E-6
62.44E-9,433.2E-6
62.44E-9,419.3E-6
62.45E-9,398.3E-6
62.46E-9,397.6E-6
62.46E-9,443.6E-6
62.47E-9,507.0E-6
62.48E-9,571.3E-6
62.48E-9,592.9E-6
62.49E-9,589.3E-6
62.49E-9,566.5E-6
62.50E-9,523.3E-6
62.51E-9,483.8E-6
62.52E-9,433.2E-6
62.52E-9,371.6E-6
62.53E-9,309.5E-6
62.54E-9,254.2E-6
62.55E-9,205.9E-6
62.56E-9,174.6E-6
62.58E-9,151.8E-6
62.59E-9,137.3E-6
62.60E-9,130.7E-6
62.62E-9,127.1E-6
62.63E-9,125.1E-6
62.65E-9,124.1E-6
62.68E-9,123.7E-6
62.71E-9,123.7E-6
62.74E-9,123.7E-6
62.79E-9,123.7E-6
62.85E-9,123.6E-6
62.95E-9,123.6E-6
63.09E-9,123.5E-6
63.31E-9,123.4E-6
63.62E-9,123.4E-6
64.00E-9,123.3E-6
64.57E-9,123.3E-6
65.28E-9,123.2E-6
66.00E-9,123.2E-6
66.00E-9,139.2E-6
66.01E-9,164.7E-6
66.01E-9,168.5E-6
66.02E-9,233.2E-6
66.02E-9,370.1E-6
66.03E-9,578.9E-6
66.03E-9,738.3E-6
66.03E-9,833.7E-6
66.04E-9,907.0E-6
66.04E-9,940.4E-6
66.04E-9,963.9E-6
66.04E-9,985.4E-6
66.04E-9,1.007E-3
66.05E-9,1.030E-3
66.05E-9,1.051E-3
66.05E-9,1.070E-3
66.05E-9,1.048E-3
66.05E-9,1.032E-3
66.05E-9,1.020E-3
66.05E-9,996.7E-6
66.06E-9,968.2E-6
66.06E-9,939.7E-6
66.06E-9,931.2E-6
66.06E-9,930.7E-6
66.06E-9,933.2E-6
66.07E-9,934.0E-6
66.07E-9,932.2E-6
66.07E-9,927.3E-6
66.08E-9,921.2E-6
66.08E-9,915.3E-6
66.08E-9,906.4E-6
66.08E-9,902.0E-6
66.09E-9,900.3E-6
66.09E-9,899.8E-6
66.09E-9,897.2E-6
66.10E-9,892.6E-6
66.10E-9,889.6E-6
66.11E-9,890.6E-6
66.11E-9,893.9E-6
66.11E-9,903.9E-6
66.12E-9,916.2E-6
66.12E-9,936.6E-6
66.12E-9,954.6E-6
66.13E-9,974.4E-6
66.13E-9,998.0E-6
66.13E-9,1.017E-3
66.14E-9,1.040E-3
66.14E-9,1.060E-3
66.14E-9,1.091E-3
66.15E-9,1.121E-3
66.15E-9,1.149E-3
66.16E-9,1.172E-3
66.16E-9,1.182E-3
66.16E-9,1.184E-3
66.16E-9,1.186E-3
66.17E-9,1.192E-3
66.17E-9,1.206E-3
66.17E-9,1.232E-3
66.17E-9,1.262E-3
66.18E-9,1.300E-3
66.18E-9,1.350E-3
66.18E-9,1.407E-3
66.19E-9,1.464E-3
66.19E-9,1.514E-3
66.19E-9,1.546E-3
66.20E-9,1.565E-3
66.20E-9,1.567E-3
66.20E-9,1.554E-3
66.21E-9,1.541E-3
66.21E-9,1.529E-3
66.21E-9,1.521E-3
66.21E-9,1.521E-3
66.22E-9,1.532E-3
66.22E-9,1.564E-3
66.23E-9,1.616E-3
66.23E-9,1.678E-3
66.24E-9,1.725E-3
66.24E-9,1.775E-3
66.24E-9,1.818E-3
66.25E-9,1.863E-3
66.25E-9,1.918E-3
66.25E-9,1.973E-3
66.26E-9,2.068E-3
66.26E-9,2.199E-3
66.26E-9,2.332E-3
66.27E-9,2.519E-3
66.27E-9,2.692E-3
66.27E-9,2.831E-3
66.28E-9,2.899E-3
66.28E-9,2.953E-3
66.28E-9,2.984E-3
66.28E-9,3.001E-3
66.29E-9,2.991E-3
66.29E-9,2.954E-3
66.29E-9,2.877E-3
66.30E-9,2.755E-3
66.30E-9,2.611E-3
66.31E-9,2.463E-3
66.31E-9,2.312E-3
66.32E-9,2.170E-3
66.33E-9,2.017E-3
66.33E-9,1.875E-3
66.34E-9,1.740E-3
66.34E-9,1.591E-3
66.35E-9,1.473E-3
66.35E-9,1.389E-3
66.35E-9,1.318E-3
66.36E-9,1.241E-3
66.36E-9,1.176E-3
66.36E-9,1.111E-3
66.37E-9,1.040E-3
66.37E-9,977.5E-6
66.38E-9,896.8E-6
66.39E-9,839.5E-6
66.39E-9,792.9E-6
66.40E-9,749.0E-6
66.41E-9,715.1E-6
66.41E-9,696.1E-6
66.42E-9,679.5E-6
66.42E-9,666.5E-6
66.43E-9,652.5E-6
66.44E-9,640.0E-6
66.44E-9,630.0E-6
66.45E-9,625.7E-6
66.46E-9,629.7E-6
66.47E-9,634.7E-6
66.47E-9,641.4E-6
66.48E-9,652.3E-6
66.48E-9,675.2E-6
66.48E-9,696.4E-6
66.49E-9,720.9E-6
66.49E-9,747.4E-6
66.50E-9,771.5E-6
66.50E-9,787.0E-6
66.50E-9,794.8E-6
66.51E-9,807.2E-6
66.51E-9,822.4E-6
66.51E-9,877.3E-6
66.52E-9,937.6E-6
66.52E-9,1.033E-3
66.53E-9,1.116E-3
66.53E-9,1.178E-3
66.54E-9,1.215E-3
66.54E-9,1.235E-3
66.55E-9,1.242E-3
66.55E-9,1.233E-3
66.56E-9,1.214E-3
66.56E-9,1.217E-3
66.57E-9,1.254E-3
66.57E-9,1.343E-3
66.58E-9,1.431E-3
66.58E-9,1.494E-3
66.59E-9,1.524E-3
66.59E-9,1.537E-3
66.60E-9,1.548E-3
66.61E-9,1.563E-3
66.61E-9,1.594E-3
66.62E-9,1.626E-3
66.62E-9,1.640E-3
66.63E-9,1.621E-3
66.63E-9,1.582E-3
66.64E-9,1.524E-3
66.65E-9,1.428E-3
66.65E-9,1.322E-3
66.66E-9,1.227E-3
66.66E-9,1.201E-3
66.67E-9,1.194E-3
66.67E-9,1.157E-3
66.68E-9,1.109E-3
66.68E-9,1.043E-3
66.69E-9,941.1E-6
66.70E-9,866.0E-6
66.70E-9,781.3E-6
66.71E-9,696.3E-6
66.72E-9,589.8E-6
66.73E-9,494.9E-6
66.75E-9,426.3E-6
66.77E-9,384.5E-6
66.79E-9,362.2E-6
66.81E-9,352.3E-6
66.83E-9,348.4E-6
66.86E-9,346.9E-6
66.89E-9,346.2E-6
66.92E-9,345.9E-6
66.97E-9,345.6E-6
67.02E-9,345.4E-6
67.10E-9,345.2E-6
67.21E-9,345.0E-6
67.34E-9,344.9E-6
67.48E-9,344.8E-6
67.61E-9,344.8E-6
67.77E-9,344.7E-6
68.00E-9,344.7E-6
68.46E-9,344.6E-6
69.15E-9,344.5E-6
69.58E-9,344.5E-6
70.00E-9,344.5E-6
70.00E-9,359.7E-6
70.01E-9,385.0E-6
70.01E-9,396.8E-6
70.02E-9,492.4E-6
70.02E-9,683.8E-6
70.03E-9,956.0E-6
70.03E-9,1.175E-3
70.03E-9,1.312E-3
70.04E-9,1.448E-3
70.04E-9,1.530E-3
70.04E-9,1.578E-3
70.04E-9,1.601E-3
70.04E-9,1.606E-3
70.05E-9,1.592E-3
70.05E-9,1.573E-3
70.05E-9,1.550E-3
70.05E-9,1.507E-3
70.05E-9,1.463E-3
70.05E-9,1.426E-3
70.05E-9,1.372E-3
70.06E-9,1.329E-3
70.06E-9,1.291E-3
70.06E-9,1.258E-3
70.06E-9,1.236E-3
70.06E-9,1.214E-3
70.07E-9,1.195E-3
70.07E-9,1.181E-3
70.07E-9,1.167E-3
70.07E-9,1.153E-3
70.08E-9,1.143E-3
70.08E-9,1.135E-3
70.08E-9,1.131E-3
70.09E-9,1.135E-3
70.09E-9,1.144E-3
70.10E-9,1.157E-3
70.10E-9,1.176E-3
70.11E-9,1.197E-3
70.11E-9,1.210E-3
70.11E-9,1.228E-3
70.12E-9,1.249E-3
70.12E-9,1.271E-3
70.12E-9,1.291E-3
70.12E-9,1.308E-3
70.13E-9,1.323E-3
70.13E-9,1.337E-3
70.14E-9,1.345E-3
70.14E-9,1.345E-3
70.14E-9,1.344E-3
70.14E-9,1.345E-3
70.15E-9,1.351E-3
70.15E-9,1.360E-3
70.15E-9,1.375E-3
70.16E-9,1.390E-3
70.16E-9,1.401E-3
70.16E-9,1.404E-3
70.17E-9,1.403E-3
70.17E-9,1.402E-3
70.17E-9,1.403E-3
70.17E-9,1.408E-3
70.18E-9,1.421E-3
70.18E-9,1.438E-3
70.18E-9,1.463E-3
70.19E-9,1.495E-3
70.19E-9,1.530E-3
70.19E-9,1.582E-3
70.19E-9,1.639E-3
70.20E-9,1.704E-3
70.20E-9,1.769E-3
70.20E-9,1.826E-3
70.21E-9,1.870E-3
70.21E-9,1.902E-3
70.21E-9,1.942E-3
70.22E-9,1.974E-3
70.22E-9,2.029E-3
70.22E-9,2.124E-3
70.23E-9,2.277E-3
70.23E-9,2.446E-3
70.24E-9,2.594E-3
70.25E-9,2.694E-3
70.25E-9,2.782E-3
70.26E-9,2.851E-3
70.26E-9,2.895E-3
70.27E-9,2.917E-3
70.27E-9,2.923E-3
70.28E-9,2.953E-3
70.28E-9,3.012E-3
70.29E-9,3.053E-3
70.29E-9,3.036E-3
70.30E-9,2.989E-3
70.30E-9,2.919E-3
70.30E-9,2.855E-3
70.31E-9,2.772E-3
70.31E-9,2.683E-3
70.31E-9,2.583E-3
70.31E-9,2.460E-3
70.32E-9,2.300E-3
70.33E-9,2.139E-3
70.33E-9,1.970E-3
70.33E-9,1.888E-3
70.34E-9,1.791E-3
70.34E-9,1.718E-3
70.34E-9,1.644E-3
70.35E-9,1.564E-3
70.35E-9,1.471E-3
70.36E-9,1.356E-3
70.36E-9,1.227E-3
70.37E-9,1.145E-3
70.37E-9,1.081E-3
70.38E-9,1.023E-3
70.38E-9,996.6E-6
70.38E-9,969.0E-6
70.39E-9,955.7E-6
70.39E-9,945.5E-6
70.39E-9,947.4E-6
70.40E-9,957.7E-6
70.40E-9,971.3E-6
70.40E-9,983.2E-6
70.41E-9,983.7E-6
70.41E-9,972.4E-6
70.41E-9,964.1E-6
70.42E-9,961.9E-6
70.42E-9,970.0E-6
70.42E-9,997.1E-6
70.43E-9,1.030E-3
70.43E-9,1.075E-3
70.43E-9,1.134E-3
70.44E-9,1.204E-3
70.44E-9,1.249E-3
70.45E-9,1.278E-3
70.45E-9,1.289E-3
70.46E-9,1.286E-3
70.47E-9,1.281E-3
70.47E-9,1.308E-3
70.48E-9,1.392E-3
70.48E-9,1.510E-3
70.49E-9,1.625E-3
70.49E-9,1.707E-3
70.50E-9,1.790E-3
70.50E-9,1.835E-3
70.50E-9,1.863E-3
70.50E-9,1.872E-3
70.51E-9,1.863E-3
70.51E-9,1.840E-3
70.51E-9,1.802E-3
70.52E-9,1.746E-3
70.52E-9,1.682E-3
70.53E-9,1.625E-3
70.54E-9,1.566E-3
70.54E-9,1.487E-3
70.55E-9,1.395E-3
70.56E-9,1.379E-3
70.56E-9,1.505E-3
70.57E-9,1.680E-3
70.58E-9,1.810E-3
70.58E-9,1.864E-3
70.59E-9,1.876E-3
70.59E-9,1.846E-3
70.60E-9,1.773E-3
70.60E-9,1.724E-3
70.60E-9,1.679E-3
70.61E-9,1.658E-3
70.61E-9,1.663E-3
70.61E-9,1.689E-3
70.62E-9,1.737E-3
70.62E-9,1.801E-3
70.63E-9,1.846E-3
70.63E-9,1.857E-3
70.64E-9,1.823E-3
70.64E-9,1.731E-3
70.65E-9,1.622E-3
70.65E-9,1.471E-3
70.66E-9,1.295E-3
70.67E-9,1.142E-3
70.67E-9,982.1E-6
70.68E-9,866.0E-6
70.68E-9,767.7E-6
70.69E-9,655.7E-6
70.69E-9,608.3E-6
70.70E-9,563.8E-6
70.70E-9,530.7E-6
70.70E-9,494.3E-6
70.71E-9,466.3E-6
70.71E-9,435.5E-6
70.72E-9,405.5E-6
70.72E-9,381.4E-6
70.73E-9,362.7E-6
70.74E-9,341.9E-6
70.74E-9,330.2E-6
70.75E-9,326.1E-6
70.76E-9,322.2E-6
70.76E-9,316.5E-6
70.77E-9,310.2E-6
70.78E-9,305.8E-6
70.78E-9,310.6E-6
70.79E-9,318.4E-6
70.80E-9,323.2E-6
70.81E-9,323.5E-6
70.82E-9,321.6E-6
70.83E-9,324.6E-6
70.84E-9,349.1E-6
70.85E-9,393.7E-6
70.86E-9,420.6E-6
70.86E-9,430.1E-6
70.87E-9,531.1E-6
70.88E-9,645.8E-6
70.89E-9,711.1E-6
70.89E-9,716.7E-6
70.90E-9,693.9E-6
70.91E-9,655.9E-6
70.91E-9,612.3E-6
70.92E-9,560.4E-6
70.92E-9,500.5E-6
70.93E-9,424.2E-6
70.95E-9,351.9E-6
70.97E-9,297.2E-6
70.99E-9,273.2E-6
71.01E-9,265.6E-6
71.02E-9,263.2E-6
71.05E-9,262.4E-6
71.07E-9,262.2E-6
71.10E-9,262.1E-6
71.14E-9,262.1E-6
71.18E-9,262.0E-6
71.25E-9,262.0E-6
71.36E-9,261.9E-6
71.56E-9,261.9E-6
71.82E-9,261.8E-6
72.00E-9,261.7E-6
72.37E-9,261.7E-6
73.10E-9,261.6E-6
73.55E-9,261.6E-6
74.00E-9,261.5E-6
74.00E-9,278.6E-6
74.01E-9,306.4E-6
74.01E-9,314.7E-6
74.02E-9,398.5E-6
74.02E-9,570.4E-6
74.03E-9,832.9E-6
74.03E-9,1.042E-3
74.03E-9,1.239E-3
74.04E-9,1.365E-3
74.04E-9,1.453E-3
74.04E-9,1.511E-3
74.04E-9,1.557E-3
74.05E-9,1.586E-3
74.05E-9,1.609E-3
74.05E-9,1.629E-3
74.05E-9,1.595E-3
74.05E-9,1.566E-3
74.05E-9,1.540E-3
74.06E-9,1.498E-3
74.06E-9,1.460E-3
74.06E-9,1.422E-3
74.06E-9,1.398E-3
74.06E-9,1.381E-3
74.07E-9,1.365E-3
74.07E-9,1.353E-3
74.07E-9,1.337E-3
74.08E-9,1.324E-3
74.08E-9,1.313E-3
74.08E-9,1.304E-3
74.09E-9,1.298E-3
74.09E-9,1.297E-3
74.09E-9,1.295E-3
74.10E-9,1.289E-3
74.10E-9,1.284E-3
74.10E-9,1.279E-3
74.11E-9,1.276E-3
74.11E-9,1.275E-3
74.11E-9,1.277E-3
74.12E-9,1.280E-3
74.12E-9,1.284E-3
74.12E-9,1.284E-3
74.13E-9,1.284E-3
74.13E-9,1.294E-3
74.13E-9,1.305E-3
74.14E-9,1.322E-3
74.14E-9,1.339E-3
74.14E-9,1.363E-3
74.14E-9,1.384E-3
74.15E-9,1.407E-3
74.15E-9,1.432E-3
74.16E-9,1.466E-3
74.16E-9,1.508E-3
74.16E-9,1.558E-3
74.17E-9,1.609E-3
74.17E-9,1.664E-3
74.17E-9,1.717E-3
74.18E-9,1.774E-3
74.18E-9,1.811E-3
74.18E-9,1.839E-3
74.19E-9,1.874E-3
74.19E-9,1.926E-3
74.19E-9,1.999E-3
74.19E-9,2.071E-3
74.20E-9,2.183E-3
74.20E-9,2.284E-3
74.20E-9,2.402E-3
74.21E-9,2.549E-3
74.21E-9,2.696E-3
74.22E-9,2.825E-3
74.22E-9,2.869E-3
74.22E-9,2.899E-3
74.22E-9,2.925E-3
74.23E-9,2.955E-3
74.23E-9,2.995E-3
74.23E-9,3.040E-3
74.24E-9,3.114E-3
74.24E-9,3.239E-3
74.25E-9,3.358E-3
74.25E-9,3.448E-3
74.25E-9,3.546E-3
74.25E-9,3.607E-3
74.26E-9,3.666E-3
74.26E-9,3.726E-3
74.27E-9,3.756E-3
74.27E-9,3.746E-3
74.28E-9,3.690E-3
74.28E-9,3.608E-3
74.29E-9,3.484E-3
74.29E-9,3.302E-3
74.30E-9,3.110E-3
74.30E-9,2.915E-3
74.31E-9,2.723E-3
74.31E-9,2.523E-3
74.32E-9,2.356E-3
74.32E-9,2.245E-3
74.33E-9,2.125E-3
74.33E-9,2.014E-3
74.33E-9,1.903E-3
74.34E-9,1.772E-3
74.34E-9,1.674E-3
74.35E-9,1.600E-3
74.35E-9,1.519E-3
74.36E-9,1.456E-3
74.36E-9,1.415E-3
74.37E-9,1.378E-3
74.37E-9,1.347E-3
74.38E-9,1.327E-3
74.38E-9,1.313E-3
74.39E-9,1.302E-3
74.39E-9,1.297E-3
74.39E-9,1.304E-3
74.40E-9,1.332E-3
74.40E-9,1.380E-3
74.40E-9,1.452E-3
74.41E-9,1.497E-3
74.41E-9,1.547E-3
74.41E-9,1.575E-3
74.42E-9,1.602E-3
74.42E-9,1.607E-3
74.42E-9,1.603E-3
74.43E-9,1.596E-3
74.43E-9,1.585E-3
74.43E-9,1.564E-3
74.44E-9,1.543E-3
74.44E-9,1.520E-3
74.44E-9,1.496E-3
74.45E-9,1.472E-3
74.45E-9,1.442E-3
74.46E-9,1.406E-3
74.46E-9,1.367E-3
74.47E-9,1.359E-3
74.47E-9,1.382E-3
74.48E-9,1.423E-3
74.48E-9,1.460E-3
74.49E-9,1.491E-3
74.49E-9,1.509E-3
74.50E-9,1.516E-3
74.50E-9,1.506E-3
74.51E-9,1.487E-3
74.51E-9,1.465E-3
74.51E-9,1.447E-3
74.52E-9,1.429E-3
74.52E-9,1.412E-3
74.53E-9,1.382E-3
74.53E-9,1.354E-3
74.54E-9,1.332E-3
74.54E-9,1.319E-3
74.55E-9,1.318E-3
74.55E-9,1.338E-3
74.56E-9,1.385E-3
74.56E-9,1.444E-3
74.57E-9,1.510E-3
74.57E-9,1.564E-3
74.58E-9,1.611E-3
74.58E-9,1.666E-3
74.59E-9,1.693E-3
74.59E-9,1.707E-3
74.60E-9,1.724E-3
74.60E-9,1.739E-3
74.61E-9,1.736E-3
74.61E-9,1.698E-3
74.62E-9,1.631E-3
74.63E-9,1.553E-3
74.63E-9,1.491E-3
74.64E-9,1.483E-3
74.65E-9,1.479E-3
74.65E-9,1.449E-3
74.66E-9,1.394E-3
74.66E-9,1.297E-3
74.67E-9,1.217E-3
74.68E-9,1.201E-3
74.68E-9,1.200E-3
74.68E-9,1.181E-3
74.69E-9,1.142E-3
74.69E-9,1.089E-3
74.70E-9,996.2E-6
74.71E-9,922.6E-6
74.71E-9,842.7E-6
74.72E-9,762.7E-6
74.73E-9,664.4E-6
74.74E-9,570.5E-6
74.75E-9,491.8E-6
74.77E-9,442.6E-6
74.79E-9,413.9E-6
74.81E-9,401.2E-6
74.83E-9,396.2E-6
74.86E-9,394.3E-6
74.89E-9,393.7E-6
74.92E-9,393.4E-6
74.96E-9,393.3E-6
75.01E-9,393.2E-6
75.08E-9,393.1E-6
75.18E-9,392.9E-6
75.32E-9,392.7E-6
75.59E-9,392.6E-6
75.80E-9,392.5E-6
76.00E-9,392.4E-6
76.41E-9,392.3E-6
77.12E-9,392.2E-6
77.56E-9,392.2E-6
78.00E-9,392.2E-6
78.00E-9,407.3E-6
78.01E-9,431.5E-6
78.01E-9,439.8E-6
78.02E-9,529.0E-6
78.02E-9,705.9E-6
78.03E-9,967.8E-6
78.03E-9,1.168E-3
78.03E-9,1.288E-3
78.04E-9,1.383E-3
78.04E-9,1.431E-3
78.04E-9,1.462E-3
78.04E-9,1.485E-3
78.04E-9,1.503E-3
78.05E-9,1.509E-3
78.05E-9,1.506E-3
78.05E-9,1.499E-3
78.05E-9,1.462E-3
78.05E-9,1.426E-3
78.05E-9,1.395E-3
78.05E-9,1.343E-3
78.06E-9,1.292E-3
78.06E-9,1.241E-3
78.06E-9,1.196E-3
78.06E-9,1.159E-3
78.06E-9,1.107E-3
78.07E-9,1.071E-3
78.07E-9,1.036E-3
78.07E-9,1.002E-3
78.07E-9,967.5E-6
78.08E-9,937.2E-6
78.08E-9,921.0E-6
78.09E-9,928.6E-6
78.10E-9,953.9E-6
78.10E-9,994.3E-6
78.11E-9,1.031E-3
78.11E-9,1.069E-3
78.11E-9,1.102E-3
78.12E-9,1.129E-3
78.12E-9,1.149E-3
78.12E-9,1.172E-3
78.13E-9,1.193E-3
78.13E-9,1.215E-3
78.13E-9,1.239E-3
78.14E-9,1.273E-3
78.14E-9,1.314E-3
78.14E-9,1.372E-3
78.15E-9,1.452E-3
78.15E-9,1.500E-3
78.16E-9,1.512E-3
78.16E-9,1.501E-3
78.17E-9,1.471E-3
78.17E-9,1.444E-3
78.17E-9,1.425E-3
78.18E-9,1.409E-3
78.18E-9,1.388E-3
78.18E-9,1.373E-3
78.19E-9,1.357E-3
78.19E-9,1.343E-3
78.20E-9,1.335E-3
78.20E-9,1.329E-3
78.20E-9,1.325E-3
78.21E-9,1.319E-3
78.21E-9,1.310E-3
78.21E-9,1.298E-3
78.22E-9,1.302E-3
78.22E-9,1.337E-3
78.23E-9,1.393E-3
78.23E-9,1.476E-3
78.24E-9,1.586E-3
78.24E-9,1.678E-3
78.25E-9,1.748E-3
78.26E-9,1.816E-3
78.26E-9,1.865E-3
78.27E-9,1.893E-3
78.27E-9,1.876E-3
78.28E-9,1.830E-3
78.28E-9,1.753E-3
78.29E-9,1.637E-3
78.29E-9,1.544E-3
78.30E-9,1.444E-3
78.31E-9,1.344E-3
78.31E-9,1.275E-3
78.32E-9,1.214E-3
78.32E-9,1.145E-3
78.33E-9,1.103E-3
78.34E-9,1.094E-3
78.34E-9,1.107E-3
78.35E-9,1.124E-3
78.35E-9,1.124E-3
78.36E-9,1.106E-3
78.37E-9,1.069E-3
78.37E-9,1.030E-3
78.38E-9,1.002E-3
78.38E-9,967.3E-6
78.39E-9,926.0E-6
78.39E-9,876.7E-6
78.40E-9,832.2E-6
78.40E-9,790.4E-6
78.41E-9,754.6E-6
78.41E-9,729.8E-6
78.41E-9,717.6E-6
78.42E-9,717.7E-6
78.42E-9,725.0E-6
78.42E-9,730.7E-6
78.43E-9,732.0E-6
78.43E-9,731.1E-6
78.43E-9,731.6E-6
78.44E-9,734.9E-6
78.44E-9,737.1E-6
78.45E-9,735.5E-6
78.46E-9,734.4E-6
78.46E-9,747.6E-6
78.47E-9,788.6E-6
78.48E-9,849.2E-6
78.48E-9,906.9E-6
78.49E-9,980.3E-6
78.50E-9,1.106E-3
78.50E-9,1.272E-3
78.51E-9,1.450E-3
78.51E-9,1.555E-3
78.52E-9,1.639E-3
78.52E-9,1.713E-3
78.53E-9,1.773E-3
78.53E-9,1.812E-3
78.54E-9,1.806E-3
78.54E-9,1.769E-3
78.54E-9,1.709E-3
78.55E-9,1.641E-3
78.55E-9,1.590E-3
78.55E-9,1.540E-3
78.56E-9,1.515E-3
78.56E-9,1.509E-3
78.56E-9,1.546E-3
78.57E-9,1.601E-3
78.57E-9,1.658E-3
78.58E-9,1.689E-3
78.58E-9,1.673E-3
78.59E-9,1.613E-3
78.59E-9,1.556E-3
78.60E-9,1.574E-3
78.61E-9,1.642E-3
78.61E-9,1.684E-3
78.61E-9,1.698E-3
78.62E-9,1.676E-3
78.62E-9,1.621E-3
78.63E-9,1.535E-3
78.63E-9,1.416E-3
78.64E-9,1.285E-3
78.65E-9,1.187E-3
78.65E-9,1.136E-3
78.66E-9,1.087E-3
78.66E-9,1.016E-3
78.67E-9,954.3E-6
78.67E-9,874.4E-6
78.68E-9,795.9E-6
78.69E-9,730.0E-6
78.69E-9,659.2E-6
78.70E-9,581.8E-6
78.71E-9,485.9E-6
78.73E-9,395.4E-6
78.75E-9,341.1E-6
78.77E-9,309.7E-6
78.79E-9,293.9E-6
78.82E-9,287.3E-6
78.85E-9,284.9E-6
78.88E-9,284.1E-6
78.91E-9,283.8E-6
78.95E-9,283.8E-6
79.00E-9,283.8E-6
79.07E-9,283.7E-6
79.16E-9,283.7E-6
79.29E-9,283.7E-6
79.51E-9,283.6E-6
79.76E-9,283.5E-6
80.00E-9,283.5E-6
80.49E-9,283.4E-6
81.31E-9,283.4E-6
82.00E-9,283.4E-6
82.00E-9,302.5E-6
82.01E-9,333.5E-6
82.01E-9,340.4E-6
82.02E-9,426.2E-6
82.02E-9,609.4E-6
82.03E-9,899.5E-6
82.03E-9,1.134E-3
82.03E-9,1.299E-3
82.04E-9,1.472E-3
82.04E-9,1.592E-3
82.04E-9,1.666E-3
82.04E-9,1.721E-3
82.04E-9,1.758E-3
82.05E-9,1.782E-3
82.05E-9,1.793E-3
82.05E-9,1.802E-3
82.05E-9,1.766E-3
82.05E-9,1.736E-3
82.05E-9,1.711E-3
82.05E-9,1.675E-3
82.06E-9,1.644E-3
82.06E-9,1.614E-3
82.06E-9,1.589E-3
82.06E-9,1.567E-3
82.06E-9,1.539E-3
82.07E-9,1.509E-3
82.07E-9,1.483E-3
82.07E-9,1.457E-3
82.07E-9,1.428E-3
82.08E-9,1.406E-3
82.08E-9,1.389E-3
82.08E-9,1.377E-3
82.09E-9,1.372E-3
82.09E-9,1.374E-3
82.10E-9,1.380E-3
82.10E-9,1.384E-3
82.10E-9,1.391E-3
82.10E-9,1.398E-3
82.11E-9,1.406E-3
82.11E-9,1.418E-3
82.11E-9,1.429E-3
82.11E-9,1.447E-3
82.12E-9,1.464E-3
82.12E-9,1.483E-3
82.12E-9,1.504E-3
82.13E-9,1.519E-3
82.13E-9,1.528E-3
82.13E-9,1.532E-3
82.14E-9,1.531E-3
82.14E-9,1.527E-3
82.14E-9,1.526E-3
82.15E-9,1.535E-3
82.15E-9,1.558E-3
82.16E-9,1.596E-3
82.16E-9,1.647E-3
82.16E-9,1.693E-3
82.16E-9,1.749E-3
82.17E-9,1.795E-3
82.17E-9,1.838E-3
82.17E-9,1.865E-3
82.18E-9,1.890E-3
82.18E-9,1.907E-3
82.18E-9,1.915E-3
82.18E-9,1.914E-3
82.19E-9,1.903E-3
82.19E-9,1.886E-3
82.20E-9,1.864E-3
82.20E-9,1.849E-3
82.20E-9,1.850E-3
82.21E-9,1.873E-3
82.21E-9,1.919E-3
82.21E-9,1.985E-3
82.22E-9,2.070E-3
82.22E-9,2.152E-3
82.22E-9,2.249E-3
82.23E-9,2.306E-3
82.23E-9,2.327E-3
82.24E-9,2.307E-3
82.24E-9,2.282E-3
82.25E-9,2.320E-3
82.25E-9,2.398E-3
82.25E-9,2.518E-3
82.26E-9,2.672E-3
82.26E-9,2.851E-3
82.26E-9,3.000E-3
82.27E-9,3.134E-3
82.27E-9,3.203E-3
82.28E-9,3.185E-3
82.28E-9,3.081E-3
82.29E-9,2.940E-3
82.29E-9,2.760E-3
82.30E-9,2.572E-3
82.30E-9,2.484E-3
82.31E-9,2.406E-3
82.31E-9,2.343E-3
82.31E-9,2.274E-3
82.32E-9,2.200E-3
82.32E-9,2.090E-3
82.33E-9,1.970E-3
82.33E-9,1.840E-3
82.34E-9,1.693E-3
82.34E-9,1.590E-3
82.35E-9,1.496E-3
82.36E-9,1.398E-3
82.37E-9,1.298E-3
82.37E-9,1.233E-3
82.38E-9,1.180E-3
82.38E-9,1.139E-3
82.39E-9,1.091E-3
82.39E-9,1.051E-3
82.39E-9,1.021E-3
82.40E-9,990.0E-6
82.40E-9,970.0E-6
82.40E-9,950.6E-6
82.40E-9,933.8E-6
82.41E-9,918.1E-6
82.41E-9,904.6E-6
82.41E-9,887.3E-6
82.42E-9,878.8E-6
82.42E-9,885.9E-6
82.42E-9,916.9E-6
82.43E-9,968.9E-6
82.43E-9,1.010E-3
82.44E-9,1.039E-3
82.44E-9,1.045E-3
82.44E-9,1.047E-3
82.45E-9,1.051E-3
82.45E-9,1.068E-3
82.45E-9,1.110E-3
82.46E-9,1.181E-3
82.46E-9,1.288E-3
82.47E-9,1.395E-3
82.47E-9,1.452E-3
82.47E-9,1.472E-3
82.48E-9,1.474E-3
82.48E-9,1.468E-3
82.49E-9,1.457E-3
82.49E-9,1.434E-3
82.50E-9,1.405E-3
82.50E-9,1.372E-3
82.51E-9,1.386E-3
82.52E-9,1.451E-3
82.53E-9,1.510E-3
82.53E-9,1.532E-3
82.54E-9,1.550E-3
82.54E-9,1.585E-3
82.55E-9,1.654E-3
82.55E-9,1.707E-3
82.56E-9,1.767E-3
82.56E-9,1.825E-3
82.57E-9,1.892E-3
82.57E-9,1.945E-3
82.58E-9,2.029E-3
82.59E-9,2.150E-3
82.59E-9,2.296E-3
82.60E-9,2.500E-3
82.60E-9,2.644E-3
82.61E-9,2.740E-3
82.61E-9,2.756E-3
82.62E-9,2.700E-3
82.62E-9,2.589E-3
82.63E-9,2.466E-3
82.64E-9,2.331E-3
82.64E-9,2.184E-3
82.65E-9,2.015E-3
82.65E-9,1.843E-3
82.66E-9,1.657E-3
82.67E-9,1.388E-3
82.67E-9,1.209E-3
82.68E-9,1.026E-3
82.69E-9,839.8E-6
82.70E-9,604.1E-6
82.72E-9,428.4E-6
82.74E-9,320.4E-6
82.76E-9,266.2E-6
82.78E-9,243.5E-6
82.81E-9,235.2E-6
82.83E-9,232.3E-6
82.86E-9,231.3E-6
82.89E-9,230.9E-6
82.93E-9,230.7E-6
82.99E-9,230.6E-6
83.06E-9,230.5E-6
83.16E-9,230.4E-6
83.34E-9,230.2E-6
83.60E-9,230.1E-6
83.80E-9,230.1E-6
84.00E-9,230.0E-6
84.40E-9,230.0E-6
85.19E-9,229.9E-6
85.60E-9,229.8E-6
86.00E-9,229.8E-6
86.00E-9,249.1E-6
86.01E-9,281.8E-6
86.01E-9,297.4E-6
86.02E-9,418.2E-6
86.02E-9,653.7E-6
86.03E-9,953.1E-6
86.03E-9,1.214E-3
86.03E-9,1.497E-3
86.03E-9,1.600E-3
86.04E-9,1.702E-3
86.04E-9,1.768E-3
86.04E-9,1.822E-3
86.04E-9,1.855E-3
86.04E-9,1.871E-3
86.05E-9,1.845E-3
86.05E-9,1.803E-3
86.05E-9,1.749E-3
86.05E-9,1.681E-3
86.05E-9,1.607E-3
86.05E-9,1.545E-3
86.05E-9,1.463E-3
86.06E-9,1.388E-3
86.06E-9,1.327E-3
86.06E-9,1.265E-3
86.06E-9,1.227E-3
86.06E-9,1.190E-3
86.06E-9,1.153E-3
86.07E-9,1.120E-3
86.07E-9,1.091E-3
86.07E-9,1.065E-3
86.07E-9,1.042E-3
86.08E-9,1.031E-3
86.08E-9,1.025E-3
86.08E-9,1.019E-3
86.09E-9,1.014E-3
86.09E-9,1.007E-3
86.10E-9,1.004E-3
86.10E-9,1.009E-3
86.11E-9,1.015E-3
86.11E-9,1.011E-3
86.11E-9,993.6E-6
86.12E-9,974.6E-6
86.12E-9,960.4E-6
86.12E-9,949.5E-6
86.12E-9,941.7E-6
86.13E-9,937.8E-6
86.13E-9,940.7E-6
86.13E-9,947.2E-6
86.14E-9,959.5E-6
86.14E-9,968.5E-6
86.14E-9,976.9E-6
86.15E-9,982.7E-6
86.15E-9,984.5E-6
86.15E-9,984.6E-6
86.16E-9,982.4E-6
86.16E-9,982.5E-6
86.16E-9,988.0E-6
86.17E-9,1.000E-3
86.17E-9,1.026E-3
86.17E-9,1.060E-3
86.17E-9,1.107E-3
86.18E-9,1.161E-3
86.18E-9,1.222E-3
86.18E-9,1.291E-3
86.18E-9,1.341E-3
86.19E-9,1.382E-3
86.19E-9,1.408E-3
86.20E-9,1.431E-3
86.20E-9,1.441E-3
86.20E-9,1.454E-3
86.21E-9,1.490E-3
86.21E-9,1.572E-3
86.22E-9,1.696E-3
86.23E-9,1.804E-3
86.23E-9,1.885E-3
86.24E-9,1.937E-3
86.24E-9,1.963E-3
86.24E-9,1.965E-3
86.25E-9,1.941E-3
86.25E-9,1.877E-3
86.26E-9,1.810E-3
86.26E-9,1.755E-3
86.26E-9,1.687E-3
86.27E-9,1.621E-3
86.27E-9,1.540E-3
86.28E-9,1.435E-3
86.28E-9,1.307E-3
86.29E-9,1.176E-3
86.29E-9,1.050E-3
86.30E-9,938.2E-6
86.31E-9,852.1E-6
86.31E-9,778.7E-6
86.32E-9,724.4E-6
86.33E-9,677.4E-6
86.33E-9,636.9E-6
86.34E-9,598.7E-6
86.35E-9,575.2E-6
86.35E-9,563.5E-6
86.36E-9,546.7E-6
86.37E-9,529.1E-6
86.37E-9,514.4E-6
86.38E-9,505.5E-6
86.38E-9,509.8E-6
86.39E-9,515.4E-6
86.40E-9,514.5E-6
86.40E-9,517.2E-6
86.41E-9,519.3E-6
86.41E-9,518.1E-6
86.42E-9,519.2E-6
86.42E-9,526.9E-6
86.43E-9,546.0E-6
86.43E-9,574.1E-6
86.44E-9,594.6E-6
86.44E-9,603.3E-6
86.44E-9,602.2E-6
86.45E-9,596.1E-6
86.45E-9,589.9E-6
86.45E-9,577.8E-6
86.45E-9,568.1E-6
86.46E-9,560.7E-6
86.46E-9,559.0E-6
86.47E-9,574.0E-6
86.47E-9,602.2E-6
86.48E-9,655.0E-6
86.48E-9,733.6E-6
86.49E-9,813.6E-6
86.50E-9,923.8E-6
86.51E-9,1.084E-3
86.51E-9,1.234E-3
86.52E-9,1.352E-3
86.52E-9,1.488E-3
86.53E-9,1.602E-3
86.53E-9,1.733E-3
86.54E-9,1.800E-3
86.54E-9,1.833E-3
86.55E-9,1.825E-3
86.56E-9,1.800E-3
86.56E-9,1.798E-3
86.57E-9,1.811E-3
86.57E-9,1.822E-3
86.58E-9,1.810E-3
86.58E-9,1.771E-3
86.59E-9,1.708E-3
86.60E-9,1.684E-3
86.60E-9,1.659E-3
86.61E-9,1.592E-3
86.61E-9,1.503E-3
86.62E-9,1.391E-3
86.63E-9,1.237E-3
86.63E-9,1.160E-3
86.64E-9,1.098E-3
86.65E-9,1.021E-3
86.65E-9,940.1E-6
86.66E-9,858.0E-6
86.66E-9,754.9E-6
86.67E-9,667.6E-6
86.68E-9,588.2E-6
86.68E-9,505.2E-6
86.70E-9,406.5E-6
86.71E-9,295.7E-6
86.73E-9,225.7E-6
86.75E-9,183.5E-6
86.77E-9,166.1E-6
86.80E-9,159.7E-6
86.82E-9,157.6E-6
86.85E-9,156.9E-6
86.88E-9,156.6E-6
86.91E-9,156.5E-6
86.96E-9,156.4E-6
87.02E-9,156.3E-6
87.11E-9,156.2E-6
87.26E-9,156.1E-6
87.50E-9,156.0E-6
87.75E-9,155.9E-6
88.00E-9,155.9E-6
88.50E-9,155.8E-6
89.25E-9,155.7E-6
89.63E-9,155.7E-6
90.00E-9,155.7E-6
90.00E-9,173.1E-6
90.01E-9,204.2E-6
90.01E-9,210.8E-6
90.02E-9,269.1E-6
90.02E-9,399.7E-6
90.03E-9,606.3E-6
90.03E-9,793.2E-6
90.03E-9,992.1E-6
90.03E-9,1.077E-3
90.04E-9,1.178E-3
90.04E-9,1.262E-3
90.04E-9,1.343E-3
90.04E-9,1.411E-3
90.04E-9,1.470E-3
90.05E-9,1.514E-3
90.05E-9,1.558E-3
90.05E-9,1.599E-3
90.05E-9,1.577E-3
90.05E-9,1.566E-3
90.05E-9,1.561E-3
90.06E-9,1.555E-3
90.06E-9,1.542E-3
90.06E-9,1.492E-3
90.06E-9,1.374E-3
90.07E-9,1.242E-3
90.07E-9,1.147E-3
90.07E-9,1.078E-3
90.07E-9,994.1E-6
90.08E-9,948.2E-6
90.08E-9,907.3E-6
90.08E-9,874.9E-6
90.09E-9,854.6E-6
90.09E-9,848.4E-6
90.10E-9,844.7E-6
90.10E-9,837.5E-6
90.11E-9,830.9E-6
90.11E-9,825.6E-6
90.11E-9,818.0E-6
90.12E-9,811.9E-6
90.12E-9,808.5E-6
90.12E-9,806.0E-6
90.12E-9,802.6E-6
90.13E-9,799.7E-6
90.13E-9,797.9E-6
90.13E-9,799.2E-6
90.14E-9,809.9E-6
90.15E-9,823.0E-6
90.15E-9,837.7E-6
90.15E-9,848.0E-6
90.16E-9,859.6E-6
90.16E-9,865.2E-6
90.17E-9,865.9E-6
90.17E-9,866.5E-6
90.18E-9,888.8E-6
90.18E-9,933.9E-6
90.19E-9,980.9E-6
90.20E-9,1.037E-3
90.20E-9,1.146E-3
90.21E-9,1.259E-3
90.21E-9,1.338E-3
90.22E-9,1.395E-3
90.22E-9,1.442E-3
90.23E-9,1.506E-3
90.23E-9,1.572E-3
90.24E-9,1.651E-3
90.24E-9,1.731E-3
90.25E-9,1.799E-3
90.25E-9,1.822E-3
90.26E-9,1.804E-3
90.26E-9,1.758E-3
90.26E-9,1.715E-3
90.27E-9,1.658E-3
90.27E-9,1.601E-3
90.27E-9,1.532E-3
90.28E-9,1.440E-3
90.28E-9,1.375E-3
90.28E-9,1.321E-3
90.29E-9,1.254E-3
90.29E-9,1.195E-3
90.29E-9,1.123E-3
90.30E-9,1.027E-3
90.31E-9,921.3E-6
90.31E-9,848.8E-6
90.32E-9,792.8E-6
90.32E-9,747.7E-6
90.33E-9,705.6E-6
90.34E-9,690.4E-6
90.34E-9,710.9E-6
90.35E-9,756.5E-6
90.35E-9,792.0E-6
90.36E-9,812.1E-6
90.36E-9,816.1E-6
90.36E-9,820.0E-6
90.37E-9,828.9E-6
90.37E-9,850.6E-6
90.37E-9,894.4E-6
90.38E-9,958.6E-6
90.38E-9,1.050E-3
90.38E-9,1.152E-3
90.39E-9,1.251E-3
90.39E-9,1.319E-3
90.39E-9,1.388E-3
90.40E-9,1.457E-3
90.40E-9,1.503E-3
90.40E-9,1.537E-3
90.41E-9,1.541E-3
90.41E-9,1.515E-3
90.42E-9,1.471E-3
90.42E-9,1.397E-3
90.42E-9,1.341E-3
90.43E-9,1.287E-3
90.43E-9,1.231E-3
90.43E-9,1.173E-3
90.44E-9,1.099E-3
90.44E-9,1.040E-3
90.44E-9,976.0E-6
90.45E-9,912.9E-6
90.45E-9,873.1E-6
90.46E-9,875.1E-6
90.47E-9,888.4E-6
90.47E-9,902.5E-6
90.48E-9,1.037E-3
90.49E-9,1.300E-3
90.50E-9,1.571E-3
90.50E-9,1.761E-3
90.51E-9,1.869E-3
90.51E-9,1.941E-3
90.52E-9,1.979E-3
90.52E-9,1.983E-3
90.53E-9,1.951E-3
90.53E-9,1.857E-3
90.54E-9,1.745E-3
90.54E-9,1.650E-3
90.55E-9,1.569E-3
90.56E-9,1.494E-3
90.56E-9,1.382E-3
90.57E-9,1.268E-3
90.57E-9,1.146E-3
90.58E-9,1.061E-3
90.58E-9,1.029E-3
90.59E-9,977.9E-6
90.60E-9,912.5E-6
90.60E-9,830.9E-6
90.61E-9,706.3E-6
90.61E-9,619.3E-6
90.62E-9,550.3E-6
90.62E-9,495.7E-6
90.62E-9,450.2E-6
90.63E-9,416.3E-6
90.63E-9,380.6E-6
90.63E-9,352.8E-6
90.63E-9,324.2E-6
90.64E-9,295.3E-6
90.64E-9,265.1E-6
90.64E-9,230.3E-6
90.65E-9,190.7E-6
90.66E-9,155.8E-6
90.66E-9,128.1E-6
90.67E-9,105.5E-6
90.68E-9,89.88E-6
90.69E-9,80.13E-6
90.70E-9,96.19E-6
90.71E-9,135.5E-6
90.72E-9,163.4E-6
90.73E-9,171.3E-6
90.74E-9,257.0E-6
90.75E-9,375.7E-6
90.75E-9,447.7E-6
90.76E-9,459.8E-6
90.77E-9,440.7E-6
90.77E-9,389.4E-6
90.78E-9,344.2E-6
90.79E-9,290.3E-6
90.79E-9,230.0E-6
90.80E-9,149.5E-6
90.82E-9,76.03E-6
90.84E-9,30.02E-6
90.86E-9,11.69E-6
90.88E-9,6.444E-6
90.90E-9,4.718E-6
90.92E-9,4.163E-6
90.95E-9,3.978E-6
90.98E-9,3.910E-6
91.02E-9,3.869E-6
91.07E-9,3.831E-6
91.15E-9,3.788E-6
91.28E-9,3.738E-6
91.49E-9,3.683E-6
91.77E-9,3.638E-6
92.00E-9,3.613E-6
92.46E-9,3.583E-6
93.26E-9,3.547E-6
93.63E-9,3.537E-6
94.00E-9,3.528E-6
94.00E-9,4.023E-6
94.00E-9,6.858E-6
94.00E-9,14.29E-6
94.00E-9,23.11E-6
94.00E-9,29.43E-6
94.01E-9,34.41E-6
94.01E-9,40.10E-6
94.01E-9,54.69E-6
94.02E-9,127.8E-6
94.02E-9,337.9E-6
94.02E-9,741.9E-6
94.03E-9,1.122E-3
94.03E-9,1.530E-3
94.04E-9,1.856E-3
94.04E-9,2.024E-3
94.05E-9,2.129E-3
94.05E-9,2.167E-3
94.05E-9,2.175E-3
94.05E-9,2.122E-3
94.05E-9,2.048E-3
94.05E-9,1.972E-3
94.06E-9,1.861E-3
94.06E-9,1.782E-3
94.06E-9,1.715E-3
94.06E-9,1.649E-3
94.06E-9,1.567E-3
94.07E-9,1.520E-3
94.07E-9,1.484E-3
94.07E-9,1.458E-3
94.08E-9,1.443E-3
94.08E-9,1.438E-3
94.08E-9,1.436E-3
94.09E-9,1.434E-3
94.09E-9,1.445E-3
94.09E-9,1.462E-3
94.10E-9,1.486E-3
94.10E-9,1.522E-3
94.11E-9,1.558E-3
94.11E-9,1.609E-3
94.11E-9,1.654E-3
94.12E-9,1.698E-3
94.12E-9,1.733E-3
94.12E-9,1.760E-3
94.13E-9,1.783E-3
94.13E-9,1.810E-3
94.14E-9,1.834E-3
94.14E-9,1.846E-3
94.15E-9,1.840E-3
94.15E-9,1.829E-3
94.15E-9,1.826E-3
94.16E-9,1.843E-3
94.16E-9,1.879E-3
94.16E-9,1.936E-3
94.17E-9,1.999E-3
94.17E-9,2.077E-3
94.17E-9,2.153E-3
94.17E-9,2.217E-3
94.18E-9,2.294E-3
94.18E-9,2.368E-3
94.18E-9,2.442E-3
94.18E-9,2.530E-3
94.19E-9,2.622E-3
94.19E-9,2.679E-3
94.20E-9,2.714E-3
94.20E-9,2.845E-3
94.21E-9,3.115E-3
94.22E-9,3.483E-3
94.22E-9,3.705E-3
94.22E-9,3.862E-3
94.22E-9,4.014E-3
94.23E-9,4.144E-3
94.23E-9,4.260E-3
94.23E-9,4.331E-3
94.23E-9,4.387E-3
94.24E-9,4.394E-3
94.24E-9,4.364E-3
94.24E-9,4.274E-3
94.25E-9,4.159E-3
94.25E-9,4.007E-3
94.26E-9,3.786E-3
94.26E-9,3.622E-3
94.27E-9,3.458E-3
94.27E-9,3.282E-3
94.28E-9,3.090E-3
94.29E-9,2.848E-3
94.29E-9,2.622E-3
94.30E-9,2.403E-3
94.31E-9,2.206E-3
94.31E-9,2.074E-3
94.32E-9,1.919E-3
94.32E-9,1.813E-3
94.33E-9,1.706E-3
94.33E-9,1.664E-3
94.33E-9,1.631E-3
94.34E-9,1.605E-3
94.34E-9,1.561E-3
94.34E-9,1.528E-3
94.35E-9,1.487E-3
94.35E-9,1.438E-3
94.36E-9,1.408E-3
94.37E-9,1.416E-3
94.37E-9,1.435E-3
94.38E-9,1.451E-3
94.38E-9,1.472E-3
94.39E-9,1.490E-3
94.39E-9,1.518E-3
94.40E-9,1.550E-3
94.40E-9,1.570E-3
94.40E-9,1.586E-3
94.41E-9,1.588E-3
94.41E-9,1.579E-3
94.41E-9,1.557E-3
94.42E-9,1.544E-3
94.42E-9,1.546E-3
94.43E-9,1.550E-3
94.43E-9,1.544E-3
94.44E-9,1.534E-3
94.44E-9,1.520E-3
94.44E-9,1.501E-3
94.45E-9,1.472E-3
94.45E-9,1.435E-3
94.46E-9,1.396E-3
94.46E-9,1.358E-3
94.47E-9,1.325E-3
94.47E-9,1.304E-3
94.48E-9,1.286E-3
94.48E-9,1.280E-3
94.49E-9,1.315E-3
94.49E-9,1.384E-3
94.50E-9,1.442E-3
94.50E-9,1.471E-3
94.51E-9,1.472E-3
94.51E-9,1.453E-3
94.52E-9,1.423E-3
94.52E-9,1.395E-3
94.52E-9,1.370E-3
94.53E-9,1.339E-3
94.53E-9,1.320E-3
94.54E-9,1.321E-3
94.54E-9,1.337E-3
94.55E-9,1.361E-3
94.55E-9,1.370E-3
94.56E-9,1.372E-3
94.56E-9,1.400E-3
94.57E-9,1.482E-3
94.57E-9,1.565E-3
94.58E-9,1.596E-3
94.58E-9,1.579E-3
94.59E-9,1.531E-3
94.59E-9,1.456E-3
94.60E-9,1.364E-3
94.60E-9,1.265E-3
94.61E-9,1.171E-3
94.61E-9,1.081E-3
94.62E-9,1.018E-3
94.62E-9,976.2E-6
94.63E-9,943.9E-6
94.63E-9,923.0E-6
94.63E-9,904.3E-6
94.63E-9,886.5E-6
94.64E-9,880.5E-6
94.64E-9,906.6E-6
94.65E-9,959.8E-6
94.65E-9,1.020E-3
94.66E-9,1.068E-3
94.66E-9,1.097E-3
94.67E-9,1.127E-3
94.67E-9,1.165E-3
94.68E-9,1.191E-3
94.69E-9,1.201E-3
94.69E-9,1.199E-3
94.70E-9,1.182E-3
94.70E-9,1.158E-3
94.71E-9,1.123E-3
94.71E-9,1.081E-3
94.72E-9,1.059E-3
94.72E-9,1.054E-3
94.72E-9,1.050E-3
94.73E-9,1.040E-3
94.73E-9,1.029E-3
94.73E-9,1.018E-3
94.74E-9,1.005E-3
94.74E-9,1.003E-3
94.75E-9,1.030E-3
94.75E-9,1.088E-3
94.76E-9,1.159E-3
94.76E-9,1.201E-3
94.76E-9,1.237E-3
94.77E-9,1.256E-3
94.77E-9,1.264E-3
94.77E-9,1.262E-3
94.78E-9,1.257E-3
94.78E-9,1.254E-3
94.78E-9,1.248E-3
94.79E-9,1.238E-3
94.79E-9,1.229E-3
94.80E-9,1.225E-3
94.80E-9,1.242E-3
94.81E-9,1.307E-3
94.81E-9,1.394E-3
94.82E-9,1.480E-3
94.83E-9,1.550E-3
94.83E-9,1.633E-3
94.84E-9,1.793E-3
94.84E-9,1.985E-3
94.85E-9,2.171E-3
94.85E-9,2.283E-3
94.86E-9,2.339E-3
94.86E-9,2.381E-3
94.86E-9,2.446E-3
94.87E-9,2.522E-3
94.87E-9,2.613E-3
94.88E-9,2.668E-3
94.88E-9,2.674E-3
94.89E-9,2.618E-3
94.89E-9,2.495E-3
94.90E-9,2.344E-3
94.90E-9,2.128E-3
94.91E-9,1.897E-3
94.91E-9,1.696E-3
94.92E-9,1.529E-3
94.93E-9,1.410E-3
94.93E-9,1.295E-3
94.94E-9,1.197E-3
94.95E-9,1.103E-3
94.95E-9,973.3E-6
94.96E-9,869.4E-6
94.96E-9,770.5E-6
94.97E-9,720.6E-6
94.98E-9,716.0E-6
94.99E-9,699.3E-6
94.99E-9,665.2E-6
95.00E-9,621.7E-6
95.01E-9,554.1E-6
95.01E-9,505.7E-6
95.02E-9,454.4E-6
95.03E-9,398.3E-6
95.04E-9,317.3E-6
95.06E-9,243.1E-6
95.08E-9,191.0E-6
95.10E-9,162.7E-6
95.12E-9,152.3E-6
95.15E-9,149.0E-6
95.17E-9,148.0E-6
95.20E-9,147.6E-6
95.23E-9,147.5E-6
95.27E-9,147.4E-6
95.32E-9,147.3E-6
95.40E-9,147.2E-6
95.51E-9,147.1E-6
95.70E-9,146.9E-6
95.85E-9,146.9E-6
96.00E-9,146.8E-6
96.30E-9,146.7E-6
96.89E-9,146.7E-6
97.41E-9,146.6E-6
98.00E-9,146.6E-6
98.01E-9,189.3E-6
98.03E-9,652.0E-6
98.03E-9,848.0E-6
98.03E-9,1.114E-3
98.04E-9,1.206E-3
98.04E-9,1.265E-3
98.04E-9,1.310E-3
98.04E-9,1.344E-3
98.04E-9,1.369E-3
98.05E-9,1.388E-3
98.05E-9,1.399E-3
98.05E-9,1.403E-3
98.05E-9,1.369E-3
98.05E-9,1.331E-3
98.05E-9,1.296E-3
98.06E-9,1.255E-3
98.06E-9,1.240E-3
98.06E-9,1.231E-3
98.06E-9,1.222E-3
98.06E-9,1.210E-3
98.06E-9,1.191E-3
98.07E-9,1.171E-3
98.07E-9,1.151E-3
98.07E-9,1.132E-3
98.07E-9,1.113E-3
98.08E-9,1.103E-3
98.08E-9,1.098E-3
98.08E-9,1.099E-3
98.09E-9,1.110E-3
98.09E-9,1.130E-3
98.10E-9,1.159E-3
98.10E-9,1.190E-3
98.11E-9,1.218E-3
98.11E-9,1.241E-3
98.11E-9,1.268E-3
98.12E-9,1.287E-3
98.12E-9,1.306E-3
98.12E-9,1.319E-3
98.12E-9,1.329E-3
98.13E-9,1.334E-3
98.13E-9,1.337E-3
98.13E-9,1.344E-3
98.14E-9,1.365E-3
98.14E-9,1.403E-3
98.14E-9,1.450E-3
98.15E-9,1.528E-3
98.15E-9,1.586E-3
98.15E-9,1.648E-3
98.16E-9,1.708E-3
98.16E-9,1.737E-3
98.17E-9,1.735E-3
98.17E-9,1.733E-3
98.18E-9,1.770E-3
98.18E-9,1.840E-3
98.19E-9,1.906E-3
98.19E-9,1.995E-3
98.19E-9,2.069E-3
98.20E-9,2.154E-3
98.20E-9,2.230E-3
98.20E-9,2.302E-3
98.20E-9,2.374E-3
98.21E-9,2.429E-3
98.21E-9,2.477E-3
98.21E-9,2.500E-3
98.22E-9,2.514E-3
98.22E-9,2.518E-3
98.22E-9,2.527E-3
98.22E-9,2.546E-3
98.23E-9,2.582E-3
98.23E-9,2.634E-3
98.23E-9,2.701E-3
98.24E-9,2.804E-3
98.24E-9,2.978E-3
98.25E-9,3.118E-3
98.25E-9,3.231E-3
98.26E-9,3.295E-3
98.26E-9,3.322E-3
98.26E-9,3.322E-3
98.27E-9,3.309E-3
98.27E-9,3.290E-3
98.27E-9,3.274E-3
98.28E-9,3.263E-3
98.28E-9,3.264E-3
98.28E-9,3.275E-3
98.29E-9,3.294E-3
98.29E-9,3.315E-3
98.29E-9,3.334E-3
98.29E-9,3.341E-3
98.30E-9,3.336E-3
98.30E-9,3.312E-3
98.30E-9,3.273E-3
98.31E-9,3.198E-3
98.31E-9,3.112E-3
98.31E-9,3.006E-3
98.32E-9,2.919E-3
98.32E-9,2.797E-3
98.32E-9,2.696E-3
98.33E-9,2.585E-3
98.33E-9,2.478E-3
98.33E-9,2.392E-3
98.34E-9,2.296E-3
98.34E-9,2.176E-3
98.34E-9,2.069E-3
98.35E-9,1.943E-3
98.35E-9,1.839E-3
98.35E-9,1.772E-3
98.36E-9,1.718E-3
98.36E-9,1.683E-3
98.36E-9,1.653E-3
98.37E-9,1.607E-3
98.37E-9,1.537E-3
98.38E-9,1.486E-3
98.38E-9,1.432E-3
98.38E-9,1.385E-3
98.39E-9,1.338E-3
98.39E-9,1.293E-3
98.39E-9,1.256E-3
98.40E-9,1.250E-3
98.40E-9,1.278E-3
98.41E-9,1.309E-3
98.41E-9,1.320E-3
98.42E-9,1.311E-3
98.42E-9,1.298E-3
98.42E-9,1.278E-3
98.42E-9,1.261E-3
98.43E-9,1.232E-3
98.43E-9,1.207E-3
98.43E-9,1.180E-3
98.44E-9,1.155E-3
98.44E-9,1.130E-3
98.45E-9,1.099E-3
98.45E-9,1.046E-3
98.46E-9,973.0E-6
98.47E-9,883.4E-6
98.47E-9,789.8E-6
98.48E-9,720.7E-6
98.49E-9,670.4E-6
98.49E-9,640.0E-6
98.50E-9,633.0E-6
98.51E-9,648.5E-6
98.51E-9,665.4E-6
98.52E-9,663.7E-6
98.53E-9,726.6E-6
98.53E-9,876.6E-6
98.54E-9,1.057E-3
98.55E-9,1.166E-3
98.55E-9,1.214E-3
98.56E-9,1.221E-3
98.56E-9,1.203E-3
98.57E-9,1.194E-3
98.57E-9,1.231E-3
98.58E-9,1.312E-3
98.58E-9,1.411E-3
98.59E-9,1.451E-3
98.60E-9,1.459E-3
98.60E-9,1.490E-3
98.61E-9,1.549E-3
98.61E-9,1.605E-3
98.62E-9,1.606E-3
98.62E-9,1.553E-3
98.63E-9,1.463E-3
98.63E-9,1.291E-3
98.64E-9,1.138E-3
98.64E-9,975.2E-6
98.65E-9,808.9E-6
98.66E-9,669.0E-6
98.66E-9,571.2E-6
98.67E-9,484.8E-6
98.67E-9,434.6E-6
98.67E-9,370.4E-6
98.68E-9,325.5E-6
98.68E-9,275.8E-6
98.69E-9,227.5E-6
98.69E-9,194.7E-6
98.70E-9,160.2E-6
98.70E-9,126.8E-6
98.71E-9,103.9E-6
98.72E-9,87.44E-6
98.73E-9,83.12E-6
98.74E-9,99.84E-6
98.75E-9,133.4E-6
98.76E-9,163.6E-6
98.77E-9,169.6E-6
98.78E-9,214.7E-6
98.78E-9,312.2E-6
98.79E-9,373.2E-6
98.80E-9,386.0E-6
98.80E-9,372.3E-6
98.81E-9,337.7E-6
98.82E-9,306.1E-6
98.82E-9,271.2E-6
98.83E-9,227.5E-6
98.84E-9,169.2E-6
98.86E-9,98.44E-6
98.88E-9,48.49E-6
98.90E-9,18.59E-6
98.92E-9,8.520E-6
98.95E-9,5.515E-6
98.97E-9,4.574E-6
99.00E-9,4.258E-6
99.03E-9,4.140E-6
99.07E-9,4.075E-6
99.12E-9,4.019E-6
99.19E-9,3.958E-6
99.30E-9,3.888E-6
99.49E-9,3.799E-6
99.76E-9,3.716E-6
100.0E-9,3.665E-6
